AWM Call No. ,Box No. ,Harvard Call No.,Venkat Number,Regularized Name = last name of performer (this will be the term for alphabetization of the tapes),Title/Performers,Contents,Details on Back,Recording Date and Location,Notes on/in Tape Box
AWM SC 12770(1),1,,,Ananthagopalan,"Lalaudi Padmavathi Ananthagopalan, Jayathi Krishnan, Trichur Narendran",Detroit Concert (1 of 2),,3/26/95,KKV
AWM SC 12770(2),1,,,Ananthagopalan,"Lalaudi Padmavathi Ananthagopalan, Jayathi Krishnan, Trichur Narendran",Detroit Concert (2 of 2),,3/26/95,KKV
AWM SC 12771,1,,,Arunachalam,Karukuruchi Arunachalan / K.V. Narayaraswami,Nadhaswaran / Palghat,y,,
AWM SC 12772,1,,,Babu ,Chittibabu ,Veena (From Kalyanamis Record),y,Apr-79,
AWM SC 12773,1,,,Babu ,Chittibabu - Veena (From: Sridhais),Musing of the Musician,,4/15/79,
AWM SC 12774,1,,,Babu ,Chitti Babu,Chitti Babu presents Musings of a Musician,y,,
AWM SC 12775,1,,,Babu ,Chittibabu,Veena,y,,HV
Missing,,,,Bala Murali,Bala Murali / Dr. Semmanorudi Srinivasa Iyer,Kamalamba Navavarna Krithis (Vol I) ,y,,HV
Missing,,,,Bala Murali,Bala Murali / Dr. Semmanorudi Srinivasa Iyer,Kamalamba Navavarna Krithis (Vol II),y,,HV
AWM SC 12776,1,,,Bala Murali,Bala Murali / Dr. Semmanorudi Srinivasa Iyer,Kamalamba Navavarna Krithis (Vol III) ,y,,HV
AWM SC 12777,1,,,Balakrishnan,Mr. Balakrishnan,Religious Discourse,,"Venkat residence, 4/9/1995",
AWM SC 12778(1),1,,,Balamuralikrishna ,"M. Balamurali Krishna, M.S. Gopalakrishnan, T.V. Gopalkrishnan",(1 of 2),,Mar-91,KKV
AWM SC 12778(2),1,,,Balamuralikrishna ,"M. Balamurali Krishna, M.S. Gopalakrishnan, T.V. Gopalkrishnan",(2 of 2),,Mar-91,KKV
AWM SC 12779,1,,,Balamuralikrishna,Balamurali Krishna,Thyagaraja / Ramdas Kirtanas,y,,KKV
AWM SC 12780,1,,,Balamuralikrishna,Balamurali Krishna / V. Ramachandran & Yesudas,,y,,
AWM SC 12781(1),1,,,Balamuralikrishna,Balmurali Krishna,Detroit Concert (1 and 2),,,KKV
AWM SC 12781(2),1,,,Balamuralikrishna,"Balmurali Krishna, Vishnu Sahasranaman",Detroit Concert (2 and 2),,,KKV
AWM SC 12782,1,6 ECDB 517,,Balamuralikrishna ,Dr. M. Balamuralikrishna,Shanmukhapriya,y,,
AWM SC 12783,1,,,Balamuralikrishna ,"M. Balamurali, B.G.N.B.",Utsava Sampradaya Krithis of saint thiagaraja,,,
AWM SC 12784,1,,,Balamuralikrishna ,M. Balamuralikrishna,Krithis in Shawmukhapriya,y,,
AWM SC 12785,1,,,Balasubrananiam,G.N. Balasubrananiam,,,,
AWM SC 12786,1,,,Balasubrananiam,G.N. Balasubrananiam,(1 of 1),,,KKV
AWM SC 12787,1,,,Balasubrananiam,G.N. Balasubrananiam,Best of GNB,,,KKV
AWM SC 12788,1,,,Balasubrananiam,G.N. Balasubrananiam,Sangeetha kalanidhi,,,KKV
AWM SC 12789,1,,,Balasubrananiam,"GNB, Chowdiah, Murugabhoobathi, Kothandarama Iyer",Air,,,KKV
AWM SC 12790(1),1,,,Balasubrananiam,GNB/Chowdiah/PMI,(1 of 3),,,
AWM SC 12790(2),1,,,Balasubrananiam,GNB/Chowdiah/PMI,(2 of 3),,,
AWM SC 12790(3),1,,,Balasubrananiam,GNB/Chowdiah/PMI,(3 of 3),,,
AWM SC 12791,1,,,Bharathi,"Rajkumar Bharathi, M.A. Sundaresan, T.V. Gopalakrishnan",Sangeetha cassette (1 of 1),y,Dec-93,KKV
AWM SC 12792(1),1,,,Bharathi,Rajkumar Bharathi ,(1 of 2),y,"Detroit, 10/22/1995",KKV
AWM SC 12792(2),1,,,Bharathi,Rajkumar Bharathi ,(2 of 2),y,"Detroit, 10/22/1995",KKV
AWM SC 12793,1,6 ECDB 526,,Bharathi,Rajkumar Bharathi,Parvathi Nayakane & Other Krithis,y,,
AWM SC 12794,1,,,Bharathi,Rajkumar Bharathi,from C.D. (1 of 1),y,,KKV
AWM SC 12795,1,,,Bharathi,Rajkumar Bharathi ,Carnatic classical,y,,KKV
AWM SC 12796,1,,,Bharathi,"Rajkumar Bharathi, Madruai Bala Subramanian, Prapancham Ravindran",Purandaradasa songs,y,,
AWM SC 12797,1,,,Bharathi,"Rajkumar Bharathi, Patnam Subramania Iyer Krithis, M.A. Sundareswaran, Thiryvarur Bhakta Vatsalam",Air concert (1 of 1),y,,
AWM SC 12798,1,,,Bharathi,"Rajkumar Bharati, Mandurai Balasubramanian, Prapancham Ravinoran",Bharatiyar songs,y,,KKV
AWM SC 12799(1),2,,,Bombay ,Bombay Sisters,Detroit Concert (1 of 2),y,"Detroit, 5/14/1989",KKV
AWM SC 12799(2),2,,,Bombay ,Bombay Sisters,Detroit Concert (2 of 2),y,"Detroit, 5/14/1989",KKV
AWM SC 12800,2,,,Bombay ,"Bombay Sisters, A.K. Usha, Trichur Narendran, N. Govindarajan, B.V.V.Ravi",,y,Apr-91,KKV
AWM SC 12801,2,,,Bomaby ,Bombay Sisters,Sangeetha Cassette (1 of 1),y,,KKV
AWM SC 12802,2,6ECD 6256,,Bombay ,Bombay Sisters,"Sree lalitha sahasranama, Stothram & Ashtothram",y,,
AWM SC 12803,2,,,Bombay ,Bombay Sisters,Lalitha Sahasranamam (Part I) / (Part II),y,,KKV
AWM SC 12804,2,,,Bombay ,Bombay Sisters,Original Diuuwwa,y,,
AWM SC 12805,2,,,Bombay ,Bombay Sisters,Papanasam sivan songs,y,,KKV
AWM SC 12806,2,6 CA 566,,Bombay ,Bombay Sisters,Oothukadu Venkata Subbier Songs (Vol. 2),y,,
AWM SC 12807,2,,,Bombay ,"Bombay Sisters, Meera Narayan, Trichur Narendran, N. Govindarajan",Live concert in Madras,y,,KKV
AWM SC 12808,2,,,Bombay ,Lalitha Sahasrawamam / Astothram - Bombay Sisters,,,,
AWM SC 12809(1),2,,Vc001A,Brahmanandam,"Srimathi Brahmanandam, C.P. Viswanath",(1 of 2),y,"Prabhakar's residence, 8/31/1991",KKV
AWM SC 12809(2),2,,Vc001B,Brahmanandam,"Srimathi Brahmanandam, C.P. Viswanath",(2 of 2),y,"Prabhakar's residence, 8/31/1991",KKV
AWM SC 12810,2,,,Bushani,Swara Bushani from Oriental Records CD - 2 Discs,,y,,KKV
AWM SC 12811(1),2,,,Chandrasekhar,M. Chandrasekhar,"Detroit Concert (Paris 1, 2)",,"Detroit, 7/21/1987",H.V.
AWM SC 12811(2),2,,,Chandrasekhar,M. Chandrasekhar,"Detroit Concert (Paris 3, 4)",,"Detroit, 7/21/1987",H.V.
AWM SC 12812,2,,,Chaurasia,Hari Prasad Chaurasia / V.G. JDG,Flute / Violin,y,,
AWM SC 12813,2,,,Ciopalan,Sesha Ciopalan,Tamil Isai concert,,1983,
AWM SC 12814,2,,,Damal Krishnaswamy,"Panciharatna Krithis, D.K. Jayaraman & Disciples, R.K. Shriramkumar, J. Vaidyanathan",,y,Mar-91,KKV
AWM SC 12815,2,,,Desikar,M.M. Dhandapani Desikar ,Nandanar Songs / Other songs,y,,KKV
AWM SC 12816,2,,,Desikar,M.S. Gopalakrishavan,,,,KKV
Missing,,,,Dikshithar,"Dikshithar, Dr. M. Bala Murali",Dikshithar's kamalamba navavarna krithis / Balamurali Krishna (Vol I),y,,HV
AWM SC 12817,2,,,Dikshithar,"Dikshithar, Dr. M. Bala Murali",Dikshithar's kamalamba navavarna krithis / Balamurali Krishna (Vol II),y,,HV
AWM SC 12818,2,,,Dosti ,Dosti,Detriot Style,,,
AWM SC 12819(1),2,,,Ganesh ,Dr. R. Ganesh ,Disciple of Maharatapuram Santhanam (1 of 2),y,Dec-93,KKV
AWM SC 12819(2),2,,,Ganesh ,Dr. R. Ganesh ,Disciple of Maharatapuram Santhanam (2 of 2),y,Dec-93,KKV
AWM SC 12820(1),2,,,Ganesh ,"Ganesh Kumaresh, K.V. Prasad",Detroit concert (1 of 2),,"Detroit, 2/26/1995",KKV
AWM SC 12820(2),2,,,Ganesh ,"Ganesh Kumaresh, K.V. Prasad",Detroit concert (1 of 2),,"Detroit, 2/26/1995",KKV
AWM SC 12821(1),2,,,Ganesh ,Ganesh Kumaresh,Michigan Tamil Sangam concert (1 of 2),y,"Michigan, 6/6/1998",
AWM SC 12821(2),2,,,Ganesh ,Ganesh Kumaresh,Michigan Tamil Sangam concert (2 of 2),y,"Michigan, 6/6/1998",
AWM SC 12822,2,,,Ganesh ,Ganesh / Kumaresh ,Ganesh / Kumaresh - Violin Duet - Prerecorded cassette (1 of 1),,,KKV
AWM SC 12823,2,,,Ganesh,"A. Ganesh / Kumaresh, K.V. Prasad, Waikkom Gopakrishnan, B.G.J.R., Krishnan, Ramesh, Govindarajan ",(1 of 1),y,,KKV
AWM SC 12824(1),2,,,Gangadharan,"Sriram Gangadharan, Kalpana Kishore, Neyveli Narayanan",,y,"LA, 3/28/1998",
AWM SC 12824(2),2,,,Gangadharan,Sriram Gangadharan,2/2,y,"LA, 3/28/1998",
AWM SC 12825,2,IBM 121,,Gangadharah,Bhakthi Gangadharah,Sanskrit Devotional Songs,y,,
AWM SC 12826,2,GCT 578 C-60,,Gangadharan,Sriram Gangadharan,Sriram Gangadharan - Classical vocal,y,,
AWM SC 12827(1),3,,,Gayathri,Baby Gayathri,Veena (1 of 2),,11/9/85,KKV
AWM SC 12827(2),3,,,Gayathri,Baby Gayathri,Veena (2 of 2),,11/9/85,KKV
AWM SC 12828(1),3,,KSG003A,Gopalakrishnan,"K.S. Gopalakrishnan, Karyakumari, G. Dorai",Navaratric Music Festival (1 of 2),,"Bharatiya Temple, 10/16/1993",KKV
AWM SC 12828(2),3,,KSG003A,Gopalakrishnan,"K.S. Gopalakrishnan, Karyakumari, G. Dorai",Navaratric Music Festival (2 of 2),,"Bharatiya Temple, 10/16/1993",KKV
AWM SC 12829,3,,,Gopalakrishnan,K.S. Gopalakrishnan,Selections from 1993 US Tour,y,1993,
AWM SC 12830(1),3,,KGSC001,Gopalakrishnan,"K.S. Gopalakrishnan, A. Kanyakumari Guruvayoor Dorai",(1 of 3),,"Boston, 1993",KKV
AWM SC 12830(2),3,,KGSC001B,Gopalakrishnan,"K.S. Gopalakrishnan, A. Kanyakumari Guruvayoor Dorai",(2 of 3),,"Boston, 1993",KKV
AWM SC 12830(3),3,,KGSC001C,Gopalakrishnan,"K.S. Gopalakrishnan, A. Kanyakumari Guruvayoor Dorai",(3 of 3),,"Boston, 1993",KKV
AWM SC 12831(1),3,,KSGC002A,Gopalakrishnan,K.S. Gopalakrishnan,Detroit Concert (1 of 3),,"Detroit, 10/12/1996",
AWM SC 12831(2),3,,KSGC002B,Gopalakrishnan,K.S. Gopalakrishnan,Detroit Concert (2 of 3),,"Detroit, 10/12/1996",
AWM SC 12831(3),3,,KSGC002C,Gopalakrishnan,K.S. Gopalakrishnan,Detroit Concert (3 of 3),,"Detroit, 10/12/1996",
AWM SC 12832(1),3,,,Gopalakrishnan,K.S. Gopalakrishnan,Michigan Tamil Sangam (1 of 3),y,"MI, 10/12/1996",KKV
AWM SC 12832(2),3,,,Gopalakrishnan,K.S. Gopalakrishnan,Michigan Tamil Sangam (2 of 3),y,"MI, 10/12/1996",KKV
AWM SC 12832(3),3,,,Gopalakrishnan,K.S. Gopalakrishnan,Michigan Tamil Sangam (3 of 3),y,"MI, 10/12/1996",KKV
AWM SC 12833,3,,KSGC004,Gopalakrishnan,K.S. Gopalakrishnan,,y,,
AWM SC 12834(1),3,,,Gopalnath,A. Kadri Gopalnath,Detroit concert (1 of 2),,"Detroit, 5/10/1987",KKV
AWM SC 12834(2),3,,,Gopalnath,A. Kadri Gopalnath,Detroit concert (2 of 2),,"Detroit, 5/10/1987",KKV
AWM SC 12835(1),3,,,Gopalnath,Kadri Gopalnath,Kadri with Kanyakumari and Dorai (1 of 3),y,9/10/95,
AWM SC 12835(2),3,,,Gopalnath,Kadri Gopalnath,Kadri with Kanyakumari and Dorai (2 of 3),y,9/10/95,
AWM SC 12835(3),3,,,Gopalnath,Kadri Gopalnath,Kadri with Kanyakumari and Dorai (3 of 3),y,9/10/95,
AWM SC 12836,3,,,Gopalnath,Kadri Gopalnath,Saxophone,y,,KKV
AWM SC 12837,3,,,Gopalnath,Kadri Gopalnath,Saxophone Thrills - CD,y,,KKV
AWM SC 12838,3,,,Gopalnath,Kadri Gopalnath,Film tunes,y,,KKV
AWM SC 12839,3,,,Gopalnath,Kadri Gopalnath,Sax thrills,,,KKV
AWM SC 12840,3,,,Gopalnath,Kadri Gopalnath,Saxophone pre-recorded cassette,y,,KKV
AWM SC 12841,3,,,Gopalnath,Kadri Gopalnath,Utsava Sampradaya Kritis,,,
AWM SC 12842,3,,,Gopalnath,Kadri Gopalnath,Dakti Vani,,,
AWM SC 12843,3,,,Gopalnath,Kadri Gopalnath,Saxophone,y,,HV
AWM SC 12844,3,,,Gopalnath,"Kadri Gopalnath, A. Kanyakumari, Srimushanam Rajarao, Palghat Sundaram",AUM cassette,y,,KKV
AWM SC 12845,3,,,Gopalnath,"Kadri Gopalnath, S.P. Raju, Krishnamoorthy Pillai","Saxophone, Pillai, Tamil",y,,KKV
AWM SC 12846,3,,,Gopalnath ,"Sri. Kadri Gopalnath, Sri. Mysore M. Manjunath, Sri Haridwaramangalam, A.K. Palanivel, Sri. T.H. Vikku Vinayakram, Sri. B. Rajashekar","Unlabeled Tape (Gold Nest Deposit Schemes, Cholamandalam)",,,
AWM SC 12847,3,,,Haridas,"Swami Haridas, Chittibabu",Bhajan Songs by Swami Haridas + Chittibabu Veena / Chittibabu Veena Concert,y,"Waldorf Astoria - NY, 1966",
AWM SC 12848,3,,,Hyderabad,"Hyberdad brothers, Vital Ramamurthy, Coimbatore G. Prakash",,y,5/25/90,KKV
AWM SC 12849(1),3,,,Hyderabad,"Hyderbad brothers, D. Seshachry, Raghavachary, P. Sree Ramamurthy, Pallhat Raghy, Umayalpurarm K. N'swamy","Hyderbad brothers at the Music Academy, Madras 1992 (1 of 2)",y,"Madras, 1992",KKV
AWM SC 12849(2),3,,,Hyderabad,"Hyderbad brothers, D. Seshachry, Raghavachary, P. Sree Ramamurthy, Pallhat Raghy, Umayalpurarm K. N'swamy","Hyderbad brothers at the Music Academy, Madras 1992 (2 of 2)",y,"Madras, 1992",KKV
AWM SC 12850,3,,,Hyderabad,Hyderabad brothers,Dikshithar masterpieces,,May-93,KKV
AWM SC 12851(1),4,,,Hyderabad,Hyderbad brothers,Pre-recorded concert (1 of 3),y,May-93,KKV
AWM SC 12851(2),4,,,Hyderabad,Hyderbad brothers,Pre-recorded concert (2 of 3),y,May-93,KKV
AWM SC 12851(3),4,,,Hyderabad,Hyderbad brothers,Pre-recorded concert (3 of 3),y,May-93,KKV
AWM SC 12852(1),4,,,Hyderabad,Hydrabad brothers,Detroit Thyagaraja Festival (1 of 2),y,"Flint, MI. 5/22/1993",KKV
AWM SC 12852(2),4,,,Hyderabad,Hydrabad brothers,Detroit Thyagaraja Festival (2 of 2),y,"Flint, MI. 5/22/1993",KKV
AWM SC 12853(1),4,,,Hyderabad,"Hyderabad brothers, Nagai Muraliditaran, Vellore Ramabhadran ",(1 of 2),y,"Chicago, 1995",KKV
AWM SC 12853(2),4,,,Hyderabad,"Hyderabad brothers, Nagai Muraliditaran, Vellore Ramabhadran ",(2 of 2),y,"Chicago, 1995",KKV
AWM SC 12854(1),4,,,Hyderabad,"Hyderabad brothers, Nagai Muraliditaran, Vellore Ramabhadran, Cleveland Baly",(1 of 3),,"Detroit, 6/3/1995",KKV
AWM SC 12854(2),4,,,Hyderabad,"Hyderabad brothers, Nagai Muraliditaran, Vellore Ramabhadran, Cleveland Baly",(2 of 3),,"Detroit, 6/3/1995",KKV
AWM SC 12854(3),4,,,Hyderabad,"Hyderabad brothers, Nagai Muraliditaran, Vellore Ramabhadran, Cleveland Baly",(3 of 3),,"Detroit, 6/3/1995",KKV
AWM SC 12855,4,,,Hyderabad,Hyderabad brothers,Annamacharya Kirthanas,,,KKV
AWM SC 12856,4,,,Hyderabad,Hyderabad brothers,,y,,KKV
AWM SC 12857(1),4,,,Hyderabad,Hyderabad Sisters,Hyderabad Sisters Concert (1 of 3),,"Flint, MI. 5/17/1997",KKV
AWM SC 12857(2),4,,,Hyderabad,Hyderabad Sisters,Hyderabad Sisters Concert (2 of 3),,"Flint, MI. 5/17/1997",KKV
AWM SC 12857(3),4,,,Hyderabad,Hyderabad Sisters,Hyderabad Sisters Concert (3 of 3),,"Flint, MI. 5/17/1997",KKV
AWM SC 12858(1),4,,,Hyderabad,Hyderabad Sisters ,Master tape (1 of 3),,,
AWM SC 12858(2),4,,,Hyderabad,Hyderabad Sisters ,Master tape (2 of 3),,,
AWM SC 12858(3),4,,,Hyderabad,Hyderabad Sisters ,Master tape (3 of 3),,,
AWM SC 12859,4,,,Iyengar,Ariyakudi Ramanuja Iyengar,,y,Mar-91,KKV
AWM SC 12860,4,,,Iyengar,Ariyakudi Ramanuja Iyengar,Purandaradasa Krithis,y,,KKV
AWM SC 12861,4,,,Iyer,"Alathur Srinivasa Iyer, L. Subramanian , Palghat T.S. Mani Iyer","Vocal, Violin, Mridangam",y,,KKV
AWM SC 12862(1),4,,,Iyer,Madurai Mani Iyer,Tamil Isai Sangam - 1966 (1 of 3),y,1966,KKV
AWM SC 12862(2),4,,,Iyer,Madurai Mani Iyer,Tamil Isai Sangam - 1966 (2 of 3),y,1966,KKV
AWM SC 12862(3),4,,,Iyer,Madurai Mani Iyer,Tamil Isai Sangam - 1966 (3 of 3),y,1966,KKV
AWM SC 12863(1),4,,,Iyer,Madurai Mani Iyer,The best of Madurai Mani Iyer (1 of 2),y,,H.V.
AWM SC 12863(2),4,,,Iyer,Madurai Mani Iyer,The best of Madurai Mani Iyer (2 of 2),y,,H.V.
AWM SC 12864(1),4,,,Iyer,Madurai Mani Iyer,Madurai Mani Iyer - Live (1 of 3),y,,KKV
AWM SC 12864(2),4,,,Iyer,Madurai Mani Iyer,Madurai Mani Iyer - Live (2 of 3),y,,KKV
AWM SC 12864(3),4,,,Iyer,Madurai Mani Iyer,Madurai Mani Iyer - Live (3 of 3),y,,KKV
AWM SC 12865,4,,,Iyer,Madurai Mani Iyer (Preferred Cassette),,,,KKV
AWM SC 12866,4,,,Iyer,Semmangudi & MSS,MSS on the Veena,y,"Ralki's Home, 1974",
AWM SC 12867,4,,,Iyer,Semnangudi Srinivasa Ayar,Air,,3/23/74,
AWM SC 12868(1),4,,,Iyer,Semmangudi Srinivasa Iyer,Music Academy (1 of 2),y,"Madras, 12/31/1989",KKV
AWM SC 12868(2),4,,,Iyer,Semmangudi Srinivasa Iyer,Music Academy (2 of 2),y,"Madras, 12/31/1989",KKV
AWM SC 12869(1),4,,,Iyer,"Semmangudi Srinivasa Iyer, T.N. Krishnan, Palani Subramania Pillai ",(1 of 2),y,May-91,KKV
AWM SC 12869(2),4,,,Iyer,"Semmangudi Srinivasa Iyer, T.N. Krishnan, Palani Subramania Pillai ",(2 of 2),y,May-91,KKV
AWM SC 12870,5,,,Iyer,"Semmanghdi Srinivasa Iyer, Dr. Subramanian, Guruvayoor Dorai, V.R. Krishnan",,y,,
AWM SC 12871,5,,,Iyer,Semmangudi,House concert,,,
AWM SC 12872,5,,,Iyer,"Semmangudi , OM Saravana Bhava","Semmangudi over the decades last 2 songs, Murygan devotional songs",,,KKV
AWM SC 12873,5,,,Iyer,Semmangudi Srinivaja Iyer / D.K. Jayaraman,,y,,H.V.
AWM SC 12874(1),5,,,Iyer,Semmangudi Srinivasa Iyer,(1 of 2),,,HV
AWM SC 12874(2),5,,,Iyer,Semmangudi Srinivasa Iyer,(2 of 2),,,HV
AWM SC 12875(1),5,,,Iyer,Semmangudi Srinivasa Iyer,(1 of 2),y,,KKV
AWM SC 12875(2),5,,,Iyer,Semmangudi Srinivasa Iyer,(2 of 2),y,,KKV
AWM SC 12876(1),5,,,Iyer,"Semmangudi Srinivasa Iyer, T.N. Krishnan, V. Ramabhadran, Vilvadri Iyer",(1 of 3),y,,KKV
AWM SC 12876(2),5,,,Iyer,"Semmangudi Srinivasa Iyer, T.N. Krishnan, V. Ramabhadran, Vilvadri Iyer",(2 of 3),y,,KKV
AWM SC 12876(3),5,,,Iyer,"Semmangudi Srinivasa Iyer, T.N. Krishnan, V. Ramabhadran, Vilvadri Iyer",(3 of 3),y,,KKV
AWM SC 12877,5,,,Iyer,Semmangudi Srinivasaiyer Golden Jubilee Trust,Semmangudi over the decades - Excerpts from live concerts,y,,KKV
AWM SC 12878,5,,,Iyer,Semnangudi,,,,
AWM SC 12879(1),5,,,Jayaraman ,"D.K. Jayaraman, Chandrasekar, T. Sankaran",(1 of 2),y,"Madras, 1982",
AWM SC 12879(2),5,,,Jayaraman ,"D.K. Jayaraman, Chandrasekar, T. Sankaran",(2 of 2),y,"Madras, 1982",
AWM SC 12880(1),5,,,Jayaraman ,Sri D.K. Jayaraman,(1 of 2),,"Detroit, 6/20/1986",
AWM SC 12880(2),5,,,Jayaraman ,Sri D.K. Jayaraman,(2 of 2),,"Detroit, 6/20/1986",
AWM SC 12881(1),5,,,Jayaraman ,"D.K. Jayaraman, T. Rukmini, J. Vaidyanathan",Rutgers University (1 of 2),y,"NJ, 7/19/1986",KKV
AWM SC 12881(2),5,,,Jayaraman ,"D.K. Jayaraman, T. Rukmini, J. Vaidyanathan",Rutgers University (2 of 2),y,"NJ, 7/19/1986",KKV
AWM SC 12882,5,,,Jayaraman ,"D.K. Jayaraman, Sri Rankumar, D.J. Vaidyanathan",Balaji,y,3/24/90,
AWM SC 12883(1),5,,,Jayaraman ,"D.K. Jayaraman, M.S. Gopalakushnan, T.K. Murthy, G. Harishankar",Live at the Music Academy (1 of 2),y,Mar-91,KKV
AWM SC 12883(2),5,,,Jayaraman ,"D.K. Jayaraman, M.S. Gopalakushnan, T.K. Murthy, G. Harishankar",Live at the Music Academy (2 of 2),y,Mar-91,KKV
AWM SC 12884(1),5,,,Jayaraman ,"D.K. Jayaraman, T. Rukmini, U. Sivaraman",Papanasam Sivan songs (1 of 2),y,May-92,KKV
AWM SC 12884(2),5,,,Jayaraman ,"D.K. Jayaraman, T. Rukmini, U. Sivaraman",Papanasam Sivan songs (2 of 2),y,May-92,KKV
AWM SC 12885,5,,,Jayaraman ,"D.K. Jayaraman, T. Ruymini, U. Sivaraman",P. Sivan day demonstration,,May-92,KKV
AWM SC 12886(1),5,,,Jayaraman ,D.K. Jayaraman,(1 of 2),,Jun-93,KKV
AWM SC 12886(2),5,,,Jayaraman ,D.K. Jayaraman,(2 of 2),,Jun-93,KKV
AWM SC 12887,5,,,Jayaraman ,"D.K. Jayaraman, Kanyakumar, Vaidyanathan, EMS","Sukanya, Balaji",y,Apr-94,KKV
AWM SC 12888,5,,,Jayaraman ,D.K. Jayaraman,,y,,KKV
AWM SC 12889,5,,,Jayaraman ,"D.K. Jayaraman, Shankar Ram, Balaji Shankar, A. Kanyakumari, J. Vaidyanathan, E.M. Subramanyam",,y,,KKV
AWM SC 12890(1),5,,,Jayaraman ,"D.K. Jayaraman, V.V. Subramaniam, Umayalpuram Sivaraman",(1 of 2),y,,KKV
AWM SC 12890(2),5,,,Jayaraman ,"D.K. Jayaraman, V.V. Subramaniam, Umayalpuram Sivaraman",(2 of 2),y,,KKV
AWM SC 12891,5,,,Jayashri,Bombay Jaisuree,,y,Sep-93,KKV
AWM SC 12892,5,,,Jayashri,Bombay Jayshri,Popular Devi Krithis,y,Dec-93,KKV
AWM SC 12893,5,,,Jayashri,Bombay Jaysuree (Vocal),Listerner's choice,y,Dec-93,KKV
AWM SC 12894,5,,,Jayashri,"Vittal Ramamurthy, Neyveli R. Nartyavarv, A.S. Shankar",Bombay Jayashri - Vocal,y,Dec-93,KKV
AWM SC 12895(1),6,,,Jayashri,Bombay Jayashree ,Bombay Jayashree Concert (1 of 2),,4/27/97,
AWM SC 12895(2),6,,,Jayashri,Bombay Jayashree ,Bombay Jayashree Concert (2 of 2),,4/27/97,
AWM SC 12896,6,,,Jayashri,"Bombay Jayashree, Usha Raghavan, K.V. Prasad",Madras Station Broadcast,y,,KKV
AWM SC 12897,6,,,Jayashri,"Bombay Jayashree, Usha Raghavan, K.V. Prasad, E.M. Subramanyam ",,y,,KKV
AWM SC 12898,6,,,Jayashri,"Bombay Jaysuree (Vocal), Embar Kannan, T. Vaidyanathan,  S. Karthick",,y,,
AWM SC 12899,6,,,Jayashri,"Bombay Jaysuree (Vocal), Vittal Ramamarthy, J. Vaidyanathan",,y,,KKV
AWM SC 12900,6,,,Jayashri,Bombay Joyshree (Vocal),,y,,KKV
AWM SC 12901,6,,,Jayashri,"Vittal Ramamurthy, T. Vaidyanathan,  S. Karthick",Bombay Jayashri (Vocal) CD,y,,KKV
AWM SC 12902,6,,,Kalyana Padalgal,Kalyana Padalgal,Marriage songs,,,
AWM SC 12903,6,7,,Kanyakumari,A. Kanyakumari,Classical Carnatic Music,y,,
AWM SC 12904,6,,,Kanyakumari,"A. Kanyakumari , Ramnad Raghavan ",,y,,KKV
AWM SC 12905,6,6ECDB507,,Krishna,Sri Krishna,Bhajans ,,,
AWM SC 12906(1),6,,,Krishna,TM Krishna ,Vol 1,,,
AWM SC 12906(2),6,,,Krishna,TM Krishna ,Vol 2,,,
AWM SC 12907,6,6ECDB607,,Krishnamurthi,Anuradha Suresh Krishnamurthi,Raga Anuragam,y,,
AWM SC 12908(1),6,,,Krishnan,T.N. Krishnan,"Prof. T.N. Krishnan, Sica Concert (1 of 2)",,"Los Angeles, 12/4/1988",KKV
AWM SC 12908(2),6,,,Krishnan,T.N. Krishnan,"Prof. T.N. Krishnan, Sica Concert (2 of 2)",,"Los Angeles, 12/4/1988",KKV
AWM SC 12909(1),6,,,Krishnan,T. N. Krishnan,Live in Concert (1 of 2),,"Los Angeles, 9/30/1989",
AWM SC 12909(2),6,,,Krishnan,T. N. Krishnan,Live in Concert (2 of 2),,"Los Angeles, 9/30/1989",
AWM SC 12910(1),6,,,Krishnan,"T.N. Krishnan, Guruvayour Dorai",(1 of 2),,"Detroit, 10/8/1989",KKV
AWM SC 12910(2),6,,,Krishnan,"T.N. Krishnan, Guruvayour Dorai",(2 of 2),,"Detroit, 10/8/1989",KKV
AWM SC 12911,6,,,Krishnan,Unnikrishan (Vocal),(1 of 1),,May-92,KKV
AWM SC 12912(1),6,,,Krishnan,T.N. Krishnan,Detroit Concert (1 of 2),,"Detroit, 6/17/1994",KKV
AWM SC 12912(2),6,,,Krishnan,T.N. Krishnan,Detroit Concert (2 of 2),,"Detroit, 6/17/1994",KKV
AWM SC 12913(1),6,,e001,Krishnan,"T.N. Krishnan, Viji Krishnan, Srirma Krishnan",Navaratri Music Festival (1 of 2),,10/18/97,KKV
AWM SC 12913(2),6,,001B,Krishnan,"T.N. Krishnan, Viji Krishnan, Srirma Krishnan",Navaratri Music Festival (2 of 2),,10/18/97,
AWM SC 12914,6,,,Krishnan,"T.N. Krishnan, T.V. Gopalakrishnan ",,y,,H.V. 
AWM SC 12915,6,,,Krishnan,Unni Krishnan,Vocal,y,,KKV
AWM SC 12916,6,,,Krishnan,Unnikrishan,Memorables (1 of 1),y,,KKV
AWM SC 12917,6,,,Krishnan,Unnikrishan,Unnikrishan sings ambujam krishna compositions (1 of 1),y,,KKV
AWM SC 12918,6,,,Krishnan,Vijay Krishnan,Veena,,,
AWM SC 12919(1),6,,,Krishnaswami,Mani Krishnaswami & Party,(1 of 2),y,,KKV
AWM SC 12919(2),6,,,Krishnaswami,Mani Krishnaswami & Party,(2 of 2),y,,KKV
AWM SC 12920,6,,001A,Lahiri,"Vaditya Lahiri, A. Kanyakumari, Mannargudi Eastwaran, Mambalami Siva, N.V. Jayalakshmi, Kiganesa Pulaic",,y,,KKV
AWM SC 12921,6,,,Lakshminarayana,"L. Subramaniam, Paghat, T.S. Mani Iyer",,y,,KKV
AWM SC 12922(1),7,,,Lalgudi,Lalgudi GJR Krishnan & Vijayalakshmi / R.Ramesh,Violin Duet / Mridangam (1 of 2),y,"Detroit, 10/27/1990",KKV
AWM SC 12922(2),7,,,Lalgudi,Lalgudi GJR Krishnan & Vijayalakshmi / R.Ramesh,Violin Duet / Mridangam (2 of 2),y,"Detroit, 10/27/1990",KKV
AWM SC 12923,7,,,Lalgudi,Lalgudi Jayaraman & Viji (Vocal),,,Nov-93,KKV
AWM SC 12924(1),7,,,Lalgudi,"Lalgudi Jayaraman, Krishnan, Nijayalakshmi, Trichi Sawkaran, V. Nagarajan",(1 of 3),,11/7/93,KKV
AWM SC 12924(2),7,,,Lalgudi,"Lalgudi Jayaraman, Krishnan, Nijayalakshmi, Trichi Sawkaran, V. Nagarajan",(2 of 3),,11/7/93,KKV
AWM SC 12924(3),7,,,Lalgudi,"Lalgudi Jayaraman, Krishnan, Nijayalakshmi, Trichi Sawkaran, V. Nagarajan",(3 of 3),,11/7/93,KKV
AWM SC 12925(1),7,,,Lalgudi,Lalgudi GJR Krishnan and Vijayalakshmi,Michigan Tamil Sangam concert (1 of 2),y,3/2/96,KKV
AWM SC 12925(2),7,,,Lalgudi,Lalgudi GJR Krishnan and Vijayalakshmi,Michigan Tamil Sangam concert (2 of 2),y,3/2/96,KKV
AWM SC 12926,7,,,Lalgudi,Lalgudi siblings,Lalgudi siblings at the Venkats,,3/3/96,KKV
AWM SC 12927,7,,,Lalgudi,Laldugi Jayaraman,Quintessence of Indian Classical Music,y,,KKV
AWM SC 12928,7,,,Lalgudi,Lalgudi Jayaraman,Dance of Sound - Thillanas,y,,KKV
AWM SC 12929,7,,,Lalgudi,Lalgudi Jayaraman & GJR Krishnan,,y,,
AWM SC 12930,7,,C001A,Lalgudi,"Lalgudi Jayaraman, Lalgudi Krishnan, Lalgudi Vijayalakshmi, Valore Ramabhadran, Zakir Husctabla",,y,,KKV
AWM SC 12931,7,,,Lalgudi,Lalgudi Krishnan & Lalgudi Vijayalakshmi accompanied by Vellure Ramabhadran,,y,,
AWM SC 12932,7,,,Lalgudi,"Lalgudi Krishnan, Vijayalakshmi, Srimushawam Raja Rao, N. Govindarajan",In the Lalgudi Tradition,y,,KKV
AWM SC 12933,7,,,Lalgudi,"Lalgudi siblings, Vellore Ramabhadram",Prerecorded Cassette (AUM),y,,KKV
AWM SC 12934,7,,,Lalgudi,Lalgudi Vijayaraman and Ustad Amjad Ali Khan,An enchanting hour with Lalgudi Vijayaraman and Ustad Amjad Ali Khan (sarod),y,,
AWM SC 12935,7,,,Lalgudi,"Lalgudi, N. Ramani, R. Venkatraman, Jayaraman",Violin - Venu - Veena,y,,KKV
AWM SC 12936,7,,,Lalgudi,"Lalqudi, Krishnan and Lalqudi Vijaycheami",The legacy continues,y,,H.V.
AWM SC 12937,7,,,Lalitha,Lalitha Sahasrawamam ,Harni,,,
AWM SC 12938(1),7,,,Mahadevan,"Nityasri, Embar Kannan, Sivakumar",Cleveland Concert (1 of 3),,"Cleveland, 4/7/1996",KKV
AWM SC 12938(2),7,,,Mahadevan,"Nityasri, Embar Kannan, Sivakumar",Cleveland Concert (2 of 3),,"Cleveland, 4/7/1996",KKV
AWM SC 12938(3),7,,,Mahadevan,"Nityasri, Embar Kannan, Sivakumar",Cleveland Concert (3 of 3),,"Cleveland, 4/7/1996",KKV
AWM SC 12939,7,,,Mahadevan,Nithyasree,Nalinakanthi (CD),y,,KKV
AWM SC 12940,7,,,Nithyasree,S. Nithyasree,"Yeppo Varuvarom, Gopalakrishna Bharati songs (1 of 1)",y,,KKV
AWM SC 12941,7,,,Nithyasree,"Nithyasree Mahadevan, R. Hemalatha, I. Sivakumar, S. Karthick, A.S. Krishnan",Papanasam Sivan Krithis,y,,
AWM SC 12942,7,,,Mahalingam,T.R. Mahalingam,Divine Flute,y,,
AWM SC 12943(1),7,,,Mani,G.S. Mani,Carnatic Music & Cine Music (1 of 2),y,,KKV
AWM SC 12943(2),7,,,Mani,G.S. Mani,Carnatic Music & Cine Music (2 of 2),y,,KKV
AWM SC 12944(1),7,,,Mani,"R.S. Mani, E. Pusiwanath, Jayashankar",Detroit Concert (1 of 2),,3/17/90,RR
AWM SC 12944(2),7,,,Mani,"R.S. Mani, E. Pusiwanath, Jayashankar",Detroit Concert (2 of 2),,3/17/90,RR
AWM SC 12945,7,,,Mengar ,Ariyakudi Ramanuja Mengar / T.K. Rengachari,,y,,KKV
AWM SC 12946,7,,,MPN,MPN Brothers,Nadaswaram,y,,KKV
AWM SC 12947,7,,,Mysore,"Mysore T. Chowdiah, R.K. Venkatarama Sastri, S.V.S.  Narayarvan, T. Vilyadri Iyer",Air rewrding of 12/12/1959,y,12/12/59,KKV
AWM SC 12948,7,,Vc001,Mysore,"Mysore, M. Nagaraj, N. Nahjunath, Palghat, R. Raghu",Exerpts from Live Concert in Mysore on 8/8/92,y,8/8/92,
AWM SC 12949(1),7,,,Mysore,Mysore Nagaraj / Palghat Raghm ,Manjunath / Mridangam (1 of 2),,,
AWM SC 12949(2),7,,,Mysore,Mysore Nagaraj / Palghat Raghm ,Manjunath / Mridangam (2 of 2),,,
AWM SC 12950(1),7,,,Namboothiri,"Sankaran Namboodiry, M.S. Arvantharaman, Guryvaycer Dorai, Palghat Sundaram",(1 of 2),y,Aug-91,KKV
AWM SC 12950(2),7,,,Namboothiri,"Sankaran Namboodiry, M.S. Arvantharaman, Guryvaycer Dorai, Palghat Sundaram",(2 of 2),y,Aug-91,KKV
AWM SC 12951,7,,,Namboothiri,Sankaran Namboodiry,Swati Tirunal compositions (1 of 1),y,1994,KKV
AWM SC 12952,8,,,Nambwdri,"Master Sankaran Nambwdri, Thyagarajan, Praveen, Ravikumar",,y,,KKV
AWM SC 12953(1),8,,,Narasimhan ,Ravi Kiran ,Gottu Vadhyam (1 of 2),y,4/9/94,KKV
AWM SC 12953(2),8,,,Narasimhan ,Ravi Kiran ,Gottu Vadhyam (2 of 2),y,4/9/94,KKV
AWM SC 12954(1),8,,,Narasimhan ,"Ravi Kiran, Thyagangyam, Kurikuraurami",(1 of 2),,,KKV
AWM SC 12954(2),8,,,Narasimhan ,"Ravi Kiran, Thyagangyam, Kurikuraurami",(2 of 2),,,KKV
AWM SC 12955,8,,,Narayanaswamy,"K.V. Narayama Swami, H.V Srivatsan, Trichur Narendran",,y,Pitt Temple,
AWM SC 12956,8,,,Narayanaswamy,K.V. Narayana Swami ,Detroit Concert (Tape 1),y,12/10/83,KKV
Missing,7,,,Narayanaswamy,K.V. Narayana Swami ,Detroit Concert (Tape 2),y,12/10/82,KKV
AWM SC 12957(1),8,,,Narayanaswamy,"K.V. Narayanaswamy, M. Chandrasekharan, Vellore Ramabhadran",(1 of 2),y,Mar-91,KKV
AWM SC 12957(2),8,,,Narayanaswamy,"K.V. Narayanaswamy, M. Chandrasekharan, Vellore Ramabhadran",(2 of 2),y,Mar-91,KKV
AWM SC 12958(1),8,,,Narayanaswamy,K.V. Narayanaswamy,Detroit Concert (1 of 2),,"Detroit, 5/1993",KKV
AWM SC 12958(2),8,,,Narayanaswamy,K.V. Narayanaswamy,Detroit Concert (2 of 2),,"Detroit, 5/1993",KKV
AWM SC 12959(1),8,,,Narayanaswamy,"K.V. Narayanaswamy, Nagai Muraudharan, Vellore Ramabhadran",(1 of 2),y,"Cambridge, MA, 6/19/1993",KKV
AWM SC 12959(2),8,,,Narayanaswamy,"K.V. Narayanaswamy, Nagai Muraudharan, Vellore Ramabhadran",(2 of 2),y,"Cambridge, MA, 6/19/1993",KKV
AWM SC 12960,8,,,Narayanaswamy,"K.V. Narayanaswamy / Lalgudi, Ramami & Venkat",,,,KKV
AWM SC 12961,8,,,Narayanaswamy,K.V. Narayanaswamy / V. Ramachandran,,,,KKV
AWM SC 12962(1),8,,,Narayanaswamy,"Sandal Thiruppauai, K.V. n'swamy, Padma n'swamy, Anuradha n'swamy, Srivathsan, Narswdran",(1 of 2),y,,KKV
AWM SC 12962(2),8,,,Narayanaswamy,"Sandal Thiruppauai, K.V. n'swamy, Padma n'swamy, Anuradha n'swamy, Srivathsan, Narswdran",(2 of 2),y,,KKV
AWM SC 12963,8,,,Natarajan,Jalatharangam / A.K.C.,Ayyampatti Dhandapani / Najarajan (Clarionet) [sic],y,,HV
AWM SC 12964(1),8,,NkMc001A,Nedanuri,Nedanuri Krishnamurthi,(1 of 2),y,"Pittsburg, 1981",
AWM SC 12964(2),8,,NkMc001B,Nedanuri,Nedanuri Krishnamurthi,(2 of 2),y,"Pittsburg, 1981",
AWM SC 12965(1),8,,,Nedanuri,"Nedanuri Krishnamurthy, Thruparkadal Vegraragmanan, Ymayalpuram Sivaraman",(1 of 2),y,"Washington, DC, 4/6/1991",KKV
AWM SC 12965(2),8,,,Nedanuri,"Nedanuri Krishnamurthy, Thruparkadal Vegraragmanan, Ymayalpuram Sivaraman",(2 of 2),y,"Washington, DC, 4/6/1991",KKV
AWM SC 12966,8,,,Nedanuri,Nedanuri Krishnamurthi,,y,,HV
AWM SC 12967(1),8,,,Nedanuri,Nedanuri Krishnamurthy,(1 of 3),y,,KKV
AWM SC 12967(2),8,,,Nedanuri,Nedanuri Krishnamurthy,(2 of 3),y,,KKV
AWM SC 12967(3),8,,,Nedanuri,Nedanuri Krishnamurthy,(3 of 3),y,,KKV
AWM SC 12968(1),9,,,Neyveli,"Neyveli Santhanagopoalan, Jayashankar, CP Vishranath",Detroit Concert (1 of 2),,"Detroit, 11/24/1991",
AWM SC 12968(2),9,,,Neyveli,"Neyveli Santhanagopoalan, Jayashankar, CP Vishranath",Detroit Concert (1 of 2),,"Detroit, 11/24/1991",
AWM SC 12969(1),9,,,Neyveli,"Neyveli Santhanagopalan, V.V. Ravi, T.K. Murthy",Navaratri Music Festival (1 of 2),,"Troy, MI. 10/15/1994",KKV
AWM SC 12969(2),9,,,Neyveli,"Neyveli Santhanagopalan, V.V. Ravi, T.K. Murthy",Navaratri Music Festival (2 of 2),,"Troy, MI. 10/15/1994",KKV
AWM SC 12970(1),9,,,Neyveli,Neyveli Santhanagopalan,Neyveli Santhanagopalan (1 of 2),y,"Flint, MI. 1999",
AWM SC 12970(2),9,,,Neyveli,Neyveli Santhanagopalan,Neyveli Santhanagopalan (2 of 2),y,"Flint, MI. 1999",
AWM SC 12971,9,,,Neyveli,"Neyveli Santhanaciopalan, M.A. Sundareswaram, J. Vaidyanathan, N. Govindarajan, Meera Santhanagopalan",(1 of 1),y,,KKV
AWM SC 12972,9,,NR/SUJBC 005A,NR/SUJBC 005A,NR/SUJBC 005A,,,CTF 1993,
AWM SC 12973,9,,NR/SUJBC 005B,NR/SUJBC 005B,NR/SUJBC 005B,,,CTF 1993,
AWM SC 12974,9,,NR/SUJBC 005C,NR/SUJBC 005C,NR/SUJBC 005C,,,CTF 1993,
AWM SC 12975(1),9,,,Ombathuveli Subrahmanyam,"O.S. Thiagarajan, Sriram Paarasuram, C.P. Viswanath",Detroit concert (1 of 2),,"Detroit, 5/28/1990",KKV
AWM SC 12975(2),9,,,Ombathuveli Subrahmanyam,"O.S. Thiagarajan, Sriram Paarasuram, C.P. Viswanath",Detroit concert (2 of 2),,"Detroit, 5/28/1990",KKV
AWM SC 12976(1),9,,,Ombathuveli Subrahmanyam,O.S. Thiagarajan,Detroit Tamil Sangam (1 of 2),y,"Detroit, 6/4/1993",KKV
AWM SC 12976(2),9,,,Ombathuveli Subrahmanyam,O.S. Thiagarajan,Detroit Tamil Sangam (2 of 2),y,"Detroit, 6/4/1993",KKV
AWM SC 12977(1),9,,,Ombathuveli Subrahmanyam,O.S. Thyagarajan,Tamil Sangam Michigan (1 of 3),y,10/3/99,
AWM SC 12977(2),9,,,Ombathuveli Subrahmanyam,O.S. Thyagarajan,Tamil Sangam Michigan (1 of 3),y,10/3/99,
AWM SC 12977(3),9,,,Ombathuveli Subrahmanyam,O.S. Thyagarajan,Tamil Sangam Michigan (1 of 3),y,10/3/99,
AWM SC 12978,9,,,Padmanabhan,Rajeswari Padmanabhan / S. Bala Chandar,Music of the veena / Immortal sounds of the veena,y,5/3/95,
AWM SC 12979(1),9,,,Padmanabhan,"Rajeswari Padmanabhan, Karaikkudi, Subramanian",(1 of 2),y,"Berlin, 1975",KKV
AWM SC 12979(2),9,,,Padmanabhan,"Rajeswari Padmanabhan, Karaikkudi, Subramanian",(2 of 2),y,"Berlin, 1975",KKV
AWM SC 12980(1),9,,,Palghat,Palghat K V Narayanaswamy,Thiagaraja Festival (1 of 2),y,"Flint, MI. 2000",
AWM SC 12980(2),9,,,Palghat,Palghat K V Narayanaswamy,Thiagaraja Festival (2 of 2),y,"Flint, MI. 2000",
AWM SC 12981,9,,,Palghat,"padma Narayanaswamy, Kumar Anukalha Nwamy, Mstr. H.V. Sritvatsan, Trichur Narendran ",,y,Pitt Temple,
AWM SC 12982(1),9,,,Papanasam,Papanasam Ashok ramani ,(1 of 3),,,KKV
AWM SC 12982(2),9,,,Papanasam,Papanasam Ashok ramani ,(2 of 3),,,KKV
AWM SC 12982(3),9,,,Papanasam,Papanasam Ashok ramani ,(3 of 3),,,KKV
AWM SC 12983,9,,,Parakkal,"P. Unnikrishnan, K.K. Ravi, Arun Prakash",,y,11/24/90,
AWM SC 12984,9,,,Parakkal,"P. Unnikrishnan, V.V. Ravi, Srimushnam Raja Rao, Harishankar",Excerpts fom MAC/MFAC Concert,y,6/9/91,
AWM SC 12985(1),9,,,Parakkal,"P. Unnikrishnan, Vittal Ramamurthy, K. Arun Prakash, S. Karthik",(1 of 2),y,Dec-93,KKV
AWM SC 12985(2),9,,,Parakkal,"P. Unnikrishnan, Vittal Ramamurthy, K. Arun Prakash, S. Karthik",(2 of 2),y,Dec-93,KKV
AWM SC 12986,9,,,Parakkal,"P. Unnikrishnan, Embar S. Kannan, K. Arunprakash, S. Karthis",(1 of 1),y,Dec-93,KKV
AWM SC 12987(1),9,,,Parakkal,P. Unnikrishnan,New York Concert (1 of 3),y,"New York, 4/1995",KKV
AWM SC 12987(2),9,,,Parakkal,P. Unnikrishnan,New York Concert (2 of 3),y,"New York, 4/1995",KKV
AWM SC 12987(3),9,,,Parakkal,P. Unnikrishnan,New York Concert (3 of 3),y,"New York, 4/1995",KKV
AWM SC 12988,9,,,Parakkal,P. Unnikrishnan,Ramadashanam (1 of 1),y,,KKV
AWM SC 12989,9,,,Parakkal,P. Unnikrishnan,(1 of 1),y,,KKV
AWM SC 12990,9,,,Parakkal,P. Unnikrishnan,Golden Melodies (1 of 1),y,,KKV
AWM SC 12991,9,,,Parakkal,P. Unnikrishnan,Aavandam (1 of 1),y,,
AWM SC 12992,9,,,Parakkal,"P. Unnikrishnan, Embar Kannan, Arun Prakash, S. Karthick",(1 of 1),y,,KKV
AWM SC 12993(1),9,,,Parakkal,"P. Unnikrishnan, M.A. Sundaresan-Mannargudi Easwaran",(1 of 2),y,,KKV
AWM SC 12993(2),9,,,Parakkal,"P. Unnikrishnan, M.A. Sundaresan-Mannargudi Easwaran",(2 of 2),y,,KKV
AWM SC 12994,9,,,Parcharatnavgal,Parcharatnavgal,Prerecorded Cassette,y,,KKV
AWM SC 12995(1),9,,,Pattamal,D.K. Pattammal ,Detroit Concert (1 of 2),,"Detroit, 1977",KKV
AWM SC 12995(2),9,,,Pattamal,D.K. Pattammal ,Detroit Concert (2 of 2),,"Detroit, 1977",KKV
AWM SC 12996,9,,,Pattamal,D.K. Pattamal,Bhanahiyan songs,y,,
AWM SC 12997,10,,,Pattamal,D.K. Pattammal / Sengali Puram Anatharama Dikshitar,,y,,KKV
AWM SC 12998,10,,,Pillai,Swamimalai Rajarathnam,Pillai - Dance music - Live,,"Detroit, 6/9/1991",KKV
AWM SC 12999,10,,,Prasad,"Sukumar Prasad / Priya, Vaidyanalhau , Prakash",Guitar Vol I / Tamil Sangam,,2/20/88,
AWM SC 13000,10,,,Prasad,Sukumar Prasad ,Guitar Vol II/ Tamil Sangam ,,2/20/88,
AWM SC 13001,10,,,Priya,"Priya sisters, Usha Rajagopalan, K.V. Prasad, E.M. Subramanian",Papanasam sivan compositions,y,Dec-93,KKV
AWM SC 13002,10,,,Priya,"Priya sisters, Usha Rajagopalan, K.V. Prasad, E.M. Subramanian",AUM Cassette ,y,Dec-94,KKV
AWM SC 13003,10,,,Priya,"Priya sisters, Usha Rajagopalan, K.V. Prasad, E.M. Subramanian",Prerecorded Cassette (AUM),y,1/1/95,KKV
AWM SC 13004(1),10,,,Priya,Priya Sisters,Carnatic vocal concert (1 of 3),y,"Detroit, 5/5/1996",KKV
AWM SC 13004(2),10,,,Priya,Priya Sisters,Carnatic vocal concert (2 of 3),y,"Detroit, 5/5/1996",KKV
AWM SC 13004(3),10,,,Priya,Priya Sisters,Carnatic vocal concert (3 of 3),y,"Detroit, 5/5/1996",KKV
AWM SC 13005,10,,,Priya,Priya sisters,In harmony (CD),y,,KKV
AWM SC 13006,10,,,Priya,Priya sisters,Giridhara Gopala ,y,,
AWM SC 13007,10,,,Priya,"Priya Sisters, M.A. Sundaresaw, K.V. Prasad, Vaikkom Gopalakrishnam",,y,,KKV
AWM SC 13008,10,,,Priya,"Priya Sisters, Raghavendra Rao, Thryvarur, Vaidyanathan, Vaikom Gopala Kaishwan",(1 of 1),y,,KKV
AWM SC 13009,10,,,Priya,"Priya sisters, Usha Rajagopalan, K.V. Prasad, E.M. Subramanian",,y,,KKV
AWM SC 13010,10,,,Priya,"Priya sisters, Usha Rajagopalan, K.V. Prasad, Vaikkom R. Gupalakrishnan",AUM Cassette ,y,,KKV
AWM SC 13011,10,,,Priya,"Priya sisters, Usha Rajasopalan, K.V. Prasad, E.M. Subramanian",,y,,KKV
AWM SC 13012,10,,,Radha ,Radha Jayalakshmi / Bombay Sisters,Papwasam sivan compositions / Thyagaraja's thiruvithriyur pancharatna krithis,y,Apr-91,KKV
AWM SC 13013,10,,,Radha ,Radha Jayalakshmi & M.S. Anamacharyya Kritis,,,,
AWM SC 13014,10,,,Radha ,Radha Jayalakshmi / Yesudaf,Purandaradasa Kritis / Ayyappan Songs,,,
AWM SC 13015,10,6TC 04F 5006B,,Rafi,Mohd Rafi,Down Memory Lane with Mohd Rafi,y,,
AWM SC 13016(1),10,,,Raghunathan,"Sudha Raghunathan, K. Sivaraman, Thiruvarur Vaidyanathan, S. Karthick",(1 of 2),y,Mar-91,KKV
AWM SC 13016(2),10,,,Raghunathan,"Sudha Raghunathan, K. Sivaraman, Thiruvarur Vaidyanathan, S. Karthick",(2 of 2),y,Mar-91,KKV
AWM SC 13017,10,,,Raghunathan,"Sudita Raghunathan (Vocal), Kisivaramthan, T. Vaidyanathan, S. Karthie, T.D. Balm",,y,Mar-91,KKV
AWM SC 13018(1),10,,,Raghunathan,"Sudha Raghunathan - Cmana, V.V. Ravi, Thiruvbrur Vaidyanathan",(1 of 3),y,"Rutgers University, 10/17/1992",KKV
AWM SC 13018(2),10,,,Raghunathan,"Sudha Raghunathan - Cmana, V.V. Ravi, Thiruvbrur Vaidyanathan",(2 of 3),y,"Rutgers University, 10/17/1992",KKV
AWM SC 13018(3),10,,,Raghunathan,"Sudha Raghunathan - Cmana, V.V. Ravi, Thiruvbrur Vaidyanathan",(3 of 3),y,"Rutgers University, 10/17/1992",KKV
AWM SC 13019(1),11,,,Raghunathan,"Sudita Ragunathan - Cmana, V.V. Ravi, Thirmvarnr Vaidyanathan",(1 of 3),y,10/17/92,KKV
AWM SC 13019(2),11,,,Raghunathan,Sudita Ragunathan - Cmana,(2 of 3),y,10/17/92,KKV
AWM SC 13019(3),11,,,Raghunathan,Sudita Ragunathan - Cmana,(3 of 3),y,10/17/92,KKV
AWM SC 13020(1),11,,,Raghunathan,Sudha Raghunathan,Mrs. Sudha Raghunathan (1 of 3),y,"Detroit, 11/1/1992",KKV
AWM SC 13020(2),11,,,Raghunathan,Sudha Raghunathan,Mrs. Sudha Raghunathan (2 of 3),y,"Detroit, 11/1/1992",KKV
AWM SC 13020(3),11,,,Raghunathan,Sudha Raghunathan,Mrs. Sudha Raghunathan (3 of 3),y,"Detroit, 11/1/1992",KKV
AWM SC 13021(1),11,,,Raghunathan,"Sudha Ragunathan, P. SundararaJan, T. Vaidyanathan, S. Karthic",Music Academy 1993 (1 of 2),y,1993,KKV
AWM SC 13021(2),11,,,Raghunathan,"Sudha Ragunathan, P. SundararaJan, T. Vaidyanathan, S. Karthic",Music Academy 1993 (2 of 2),y,1993,KKV
AWM SC 13022(1),11,,,Raghunathan,Sudha Raghunathan ,"The Michigan Tamil Sangam, MI (1 of 3)",y,"Michigan, 9/15/1996",KKV
AWM SC 13022(2),11,,,Raghunathan,Sudha Raghunathan ,"The Michigan Tamil Sangam, MI (1 of 3)",y,"Michigan, 9/15/1996",KKV
AWM SC 13022(3),11,,,Raghunathan,Sudha Raghunathan ,"The Michigan Tamil Sangam, MI (1 of 3)",y,"Michigan, 9/15/1996",KKV
AWM SC 13023(1),11,,,Raghunathan,Sudha Ragunathan,MSU Center (1 of 3),,"Detroit, 9/15/1996",
AWM SC 13023(2),11,,,Raghunathan,Sudha Ragunathan,Detroit Concert (2  of 3),,"Detroit, 9/15/1996",
AWM SC 13023(3),11,,,Raghunathan,Sudha Ragunathan,Detroit Concert (3 of 3),,"Detroit, 9/15/1996",
AWM SC 13024(1),11,,,Raghunathan,Sudita Raganathan - CD (1 /2),Classical Encounters. Heritage of India Kala Utshi Concert. Live at Nehru Centre - Mumbai. Side A. Year Naapai - Todi -- Saranam Siddhi Vinayaka - Saurashtram -- Yela Nee Dhayaradity -- Atana -- Akhilandeshwari - Dwijavanti. Side B. Thillarra -- Sogasuga Mridanga - Sriranjani -- Aanayle Karadare -- Ragamalika. ,y,Mumbai,KKV
AWM SC 13024(2),11,,,Raghunathan,Sudita Raganathan - CD (2 /2),Classical Encounters. Heritage of India Kala Utshi Concert. Live at Nehru Centre - Mumbai. ,y,Mumbai,KKV
AWM SC 13025,11,,,Raghunathan,"Purandara Dasar Krithis, Sudha Raghunathan",,y,,KKV
AWM SC 13026,11,,,Raghunathan,Sudita Ragunathan (Vocal),Annamayya Krithis - From CD,y,,KKV
AWM SC 13027,11,,,Raghunathan,Sudha Raghunathan,Andal thrupavai ,,,KKV
AWM SC 13028,11,,,Raghunathan,Sudha Raghunathan,Samarpawam. Dedication to H.H. Paramaeharya on his 99th birthday,y,,
AWM SC 13029,11,,,Raghunathan,Sudha Raghunathan,Enticing and Enthralling Melodies,y,,KKV
AWM SC 13030,11,,,Raghunathan,Sudha Raghunathan,Oothukadu Venkatasubbaiyar songs,y,,KKV
AWM SC 13031,11,,,Raghunathan,"Sudha Raghunathan (Genikuh's), K. Sivaranam, Mamwajudi Gwrugvan",,y,,KKV
AWM SC 13032,11,,,Raghunathan,Sudha Raghunathan (Vocal),,y,,KKV
AWM SC 13033,11,,,Raghunathan,"Sudha Raghunathan, K. Sivaraman, Thiruvarur Vaidyanathan, S. Karthick",San Marga - Tamil devotional songs,y,,KKV
AWM SC 13034,11,,,Raghunathan,"Sudha Raghunathan, V.V. Ravi,  T. Vaidyanathan,  S. Karthick",,y,,KKV
AWM SC 13035,11,,,Raghunathan,Sudha Ragunathan,Dikshitar Masterpieces (Vol 3),,,KKV
AWM SC 13036,11,,,Raghunathan,Sudha Ragunathan,Bindu Malini. Tamil songs,,,KKV
AWM SC 13037,11,,,Raghunathan,Sudha Ragunathan,Marriage songs,,,KKV
AWM SC 13038,11,,,Raghunathan,Sudha Ragunathan ,Madityamavati,y,,KKV
AWM SC 13039,11,,,Raghunathan,Sudha Ragunathan ,Ever Green Melodies,y,,
AWM SC 13040,11,,,Raghunathan,"Sudha Ragunathan (AUM Cassette), K. Sivavamam, T. Vaidyanathan,  S. Karthick",,y,,KKV
AWM SC 13041,11,,,Raghunathan,"Sudha Ragunathan (AVM Cassette), K. Sivavamam, T. Vaidyanathan",Side A. Neo Wayarada - Audebka - Adi - GNB -- siddhivirayakam - Mahara kaly ami - ADI - HKM -- Wannnhuvm Lalika (m.chaym) - Labita - S. Sertig -- Freedharaprehai - Slokern - Jarycantanfree - Repoaken - M. Vateauluchar -- Marivera - Lahthangi - K. Chadu - P. Fuherana qyer. ,y,,KKV
AWM SC 13042,11,,,Raghunathan,Sudha Ragunathan (CD),"Kaleeya Krishna (Oothykady), Venkatasubbier songs",y,,KKV
AWM SC 13043,11,,,Raghunathan,"Sudha Ragunathan (Thyawarata Kritis), K. Sivavamam, T. Vaidyanathan,  S. Karthick",Side A. Sobilley - Japan mohmai - Revpakam -- Wagnmoim - Avhavi - ADI -- Rama Ramana - Vayamtua Bhourani - Adi -- Sampeeta Gimememn - Thamyani - Adi. Side B. Paraloka Sadanamo - Pourri.Calyanni - Adi -- Elaneedayaradm - Atara - adi -- Maramleni - Hundrlam - Adi -- Sarwa Saimadawa - Kartri Nawayami -- Rama Drivama - Surah - Revpakum. ,y,,KKV
AWM SC 13044,11,,,Raghunathan,"Sudha Ragunathan,  K. Sivavamam, T. Vaidyanathan,  S. Karthick",GNB Compositions. Side A. Vara vallabha ramona - Hamsadhwawi - ADI -- Nirathamukha -- Udayachandrika - ADI -- Sivanananda Kamavardhini - Kamavardhini - Misrachary. Side B. Samarra Rathithe - Saranga Thartorgini -- Srichakraraja Nilaye - Sivasakthi -- Varadani Dune -- Rwrnachawdriica -- Neecharawambuja - Keeravani -- Sadapalaya - Mohbvan. ,y,,KKV
AWM SC 13045,11,,,Raghunathan,"Sudha Ragunathan,  K. Sivavamam, T. Vaidyanathan,  S. Karthick",Starts of a Stalwart (GNB Songs),y,,KKV
AWM SC 13046,11,,,Raghunathan,"Sudha Ragunathan, K. Sivavamam, T. Vaidyanathan,  S. Karthick",,y,,KKV
AWM SC 13047,11,,,Raghunathan,"Sudha Ragunathan, M.A. Sundaresan, Thiryvarur Vaidyanathan, S. Karthick",,y,,KKV
AWM SC 13048,11,,,Raghunathan,"Sudha Ragunathan, P. Sunder Rajan, Thiryvarar Vaidyanathan",Dikshitar Masterpieces,y,,KKV
AWM SC 13049,11,,,Raghunathan,"Sudha Ragunathan, P. Sunderajan, T. Vaidyanathan",Young masters,y,,KKV
AWM SC 13050,11,,,Raghunathan,"Sudha Ragunathan, Raghavendra Rao, T. Vaidyanathan, R. Raman, Nella Krishwan",Bharathiyar Padalhal,y,,
AWM SC 13051,11,,,Raghunathan,"Sudha Ragunathan,Vrama Ghakti, Samrajyamp, Embar Kannan, Marvarhundieaswaran",,y,,KKV
AWM SC 13052,11,,,Raghunathan,"Sudita Raghunathan, Kanakadhara, Mahishasura Mardin etc. ",,y,,KKV
AWM SC 13053(1),11,,,Raghuraman,Abhishek Raghuraman,Detroit concert 1999 (1 of 2),y,"Detroit, 1999",KKV
AWM SC 13053(2),11,,,Raghuraman,Abhishek Raghuraman,Detroit concert 1999 (2 of 2),y,"Detroit, 1999",KKV
AWM SC 13054(1),12,,,Rajan ,"Seetha Rajan, Jaushankar, C.P. Viswanath ",Detroit Concert (1 of 3),y,"Detroit, 7/18/1992",KKV
AWM SC 13054(2),12,,,Rajan ,"Seetha Rajan, Jaushankar, C.P. Viswanath ",Detroit Concert (2 of 3),y,"Detroit, 7/18/1992",KKV
AWM SC 13054(3),12,,,Rajan ,"Seetha Rajan, Jaushankar, C.P. Viswanath ",Detroit Concert (3 of 3),y,"Detroit, 7/18/1992",KKV
AWM SC 13055(1),12,,,Rajasekhar ,"Gita Rajasekhar, Sree Ramkumar, Vaidyanrahan",Vol. I ,,,
AWM SC 13055(2),12,,,Rajasekhar ,"Gita Rajasekhar, Sree Ramkumar, Vaidyanrahan",Vol. II ,,,
AWM SC 13056(1),12,,,Rama,"S.P. Rama,  Jai,  Venkatraman",Detroit (1 of 3),,"Detroit, 7/8/1994",KKV
AWM SC 13056(2),12,,,Rama,"S.P. Rama,  Jai,  Venkatraman",Detroit (2 of 3),,"Detroit, 7/8/1994",KKV
AWM SC 13056(3),12,,,Rama,"S.P. Rama,  Jai,  Venkatraman",Detroit (3 of 3),,"Detroit, 7/8/1994",KKV
AWM SC 13057(1),12,,,Rama Varma,"Aswati Tirunal Rama Varma, J. Balan, N. Venkatraman",House concert at Rabbakav's (1 of 2),,6/12/94,KKV
AWM SC 13057(2),12,,,Rama Varma,"Aswati Tirunal Rama Varma, J. Balan, N. Venkatraman",House concert at Rabbakav's (2 of 2),,6/12/94,KKV
AWM SC 13058(1),12,,,Ramachandran,Tiruchur V. Ramachandran - Carnatic Vocal,Detroit Concert (1 of 2),,"Detroit, 1/18/1984",
AWM SC 13058(2),12,,,Ramachandran,Tiruchur V. Ramachandran - Carnatic Vocal,Detroit Concert (2 of 2),,"Detroit, 1/18/1984",
AWM SC 13059(1),12,,,Ramachandran,"Trichur, V. Ramachandran, Jayashankar Balan, Srinivasan Duraiswamy",Detroit Concert (1 of 2),y,"Detroit, 6/16/1989",KKV
AWM SC 13059(2),12,,,Ramachandran,"Trichur, V. Ramachandran, Jayashankar Balan, Srinivasan Duraiswamy",Detroit Concert (2 of 2),y,"Detroit, 6/16/1989",KKV
AWM SC 13060(1),12,,,Ramachandran ,"Charumathy Ramachandran, Jayashankar Balan, C.P. Viswanath ",(1 of 2),y,"Detroit, 7/21/1989",KKV
AWM SC 13060(2),12,,,Ramachandran ,"Charumathy Ramachandran, Jayashankar Balan, C.P. Viswanath ",(2 of 2),y,"Detroit, 7/21/1989",KKV
AWM SC 13061(1),12,,,Ramachandran,V. Ramachandran,Purandara dasar and tamil compositions (1 of 2),y,6/14/92,KKV
AWM SC 13061(2),12,,,Ramachandran,V. Ramachandran,Purandara dasar and tamil compositions (2 of 2),y,6/14/92,KKV
AWM SC 13062,12,,,Ramachandran,V. Ramachandran ,Toronto Concert (Part I and 2),,Toronto,
AWM SC 13063,12,,,Ramachandran,V. Ramachandran,Vocal,y,,
AWM SC 13064,12,,,Ramachandran,"V. Ramachandran, M. Chandrasekaran, Mannargudi Easwaran",,y,,KKV
AWM SC 13065,12,,NRflc 007,Ramani,"Ramani, Lalgudi Jayaraman",Flute / Violin,y,8/26/79,H.P.
AWM SC 13066,12,,NRfc003A,Ramani,Ramani,Flute Concert,,"Detroit, 9/30/1983",
AWM SC 13067,12,,NRfc003B,Ramani,Ramani,Flute Concert,,"Detroit, 9/30/1983",
AWM SC 13068(1),12,,Nflc001A,Ramani,N. Ramani,Dr. N. Ramani - Flute (1 of 2),,Apr-89,
AWM SC 13068(2),12,,Nflc001B,Ramani,N. Ramani,Dr. N. Ramani - Flute (1 of 2),,Apr-89,
AWM SC 13069,12,,,Ramani,"Dr. N. Ramani (flute), Kanyakumar, Srimushanam, Rajarao, T.H. Vinayakaram, Srironkom, Kavnon",,y,Mar-91,KKV
AWM SC 13070,12,,,Ramani,"Dr. N. Ramani, A. Kanyakumari, G. Dorai",(1 of 3),,"Detroit, 5/15/1992",KKV
Missing,13,,,Ramani,"Dr. N. Ramani, A. Kanyakumari, G. Dorai",(2 of 3),,"Detroit, 5/15/1993",KKV
Missing,14,,,Ramani,"Dr. N. Ramani, A. Kanyakumari, G. Dorai",(3 of 3),,"Detroit, 5/15/1994",KKV
AWM SC 13071(1),12,,NRflc004A,Ramani,Ramani,Dr. Ramani's Flute Concert (1 of 3),y,"Detroit, 5/15/1992",KKV
AWM SC 13071(2),12,,NRflc004B,Ramani,Ramani,Dr. Ramani's Flute Concert (2 of 3),y,"Detroit, 5/15/1992",KKV
AWM SC 13071(3),12,,NRflc004C,Ramani,Ramani,Dr. Ramani's Flute Concert (3 of 3),y,"Detroit, 5/15/1992",KKV
AWM SC 13072(1),12,,,Ramani,"Ramani, Srinivas",Juhalbandhi (1 of 2),,"Cleveland, 4/10/1993",KKV
AWM SC 13072(2),12,,,Ramani,"Ramani, Srinivas",Juhalbandhi (2 of 2),,"Cleveland, 4/10/1993",KKV
AWM SC 13073(1),12,,NRfc002A,Ramani,N. Ramani,Dr. N. Ramani's Flute concert (1 of 2),y,"Thiagaraja Aradhana, Flint, MI. 1996",KKV
AWM SC 13073(2),12,,NRfc002B,Ramani,N. Ramani,Dr. N. Ramani's Flute concert (2 of 2),y,"Thiagaraja Aradhana, Flint, MI. 1996",KKV
AWM SC 13074(1),13,,NRfe008B,Ramani,Dr. N. Ramani,"1998 Thyagaraja Aradhana, Flnt, MI (1 of 3)",y,8/16/98,
AWM SC 13074(2),13,,NRfe008B,Ramani,Dr. N. Ramani,"1998 Thyagaraja Aradhana, Flnt, MI (2 of 3)",y,8/16/98,
AWM SC 13074(3),13,,NRfe008C,Ramani,Dr. N. Ramani,"1998 Thyagaraja Aradhana, Flnt, MI (3 of 3)",y,8/16/98,
AWM SC 13075,13,,Nrflc005,Ramani,"DR. N. Ramani (Flute) from CD, T.S. Veeraraghovan, Srimushanam, Rajarao, E.M. Subramanian",,y,,KKV
AWM SC 13076,13,,NRflc005,Ramani,N. Ramani,Carnatic - Flute. All India Radio Concert,,,KKV
AWM SC 13077(1),13,,,Ramani,P. Ashok Ramani,Papanasam Ashok Ramani Concert (1 of 3),y,"Detroit, 5/18/1997",KKV
AWM SC 13077(2),13,,,Ramani,P. Ashok Ramani,Papanasam Ashok Ramani Concert (2 of 3),y,"Detroit, 5/18/1997",KKV
AWM SC 13077(3),13,,,Ramani,P. Ashok Ramani,Papanasam Ashok Ramani Concert (3 of 3),y,"Detroit, 5/18/1997",KKV
AWM SC 13078(1),13,REC 083,,Ramkrishnan,Houston R. Ramakrishnan,Carnatic - Vocal (Vol 1),y,,
AWM SC 13078(2),13,REC 084,,Ramkrishnan,Houston R. Ramakrishnan,Carnatic - Vocal (Vol 2),y,,
AWM SC 13079,13,,,Ramnad,"Ramnad Krishnan, Bala Murali Krishna, Thalapaka Annamachary",,y,,KKV
AWM SC 13080,13,,,Ramprasad,T.V. Ramprasad (Vocal),Live at Paramara - 1995,y,1995,KKV
AWM SC 13081(1),13,,,Ramprasad,T.V. Ramprasad / Jaishankar - Atmakuri,(1 of 2),y,"Detroit, 5/1/1998",
AWM SC 13081(2),13,,,Ramprasad,T.V. Ramprasad / Jaishankar - Atmakuri,(2 of 2),y,"Detroit, 5/1/1998",
AWM SC 13082(1),13,,,Rao,"Kanyakumari, Raja Rao, Nagarajan","Violin, Mridh, Kanjira (1 of 2)",y,,
AWM SC 13082(2),13,,,Rao,"Kanyakumari, Raja Rao, Nagarajan","Violin, Mridh, Kanjira (2 of 2)",y,,
AWM SC 13083(1),13,,,Ravikiran ,Jayanthi Kiran ,Veena Concert (1 of 2),y,"Detroit, 9/20/1998",KKV
AWM SC 13083(2),13,,,Ravikiran ,Jayanthi Kiran ,Veena Concert (2 of 2),y,"Detroit, 9/20/1998",KKV
AWM SC 13084,13,,,Rudrapatnam,"Rudrapatnam brothers, Mysore Nagaraj, Praveen",Uthukkadu Venkatassubbier songs,y,1991,KKV
AWM SC 13085(1),13,,,Rudrapatnam,"Rudrapatnam brothers, Mysore Nagaraj, Praveen",Tamil Isai Concer (1 of 2),y,"NJ, 4/1991",KKV
AWM SC 13085(2),13,,,Rudrapatnam,"Rudrapatnam brothers, Mysore Nagaraj, Praveen",Tamil Isai Concer (2 of 2),y,"NJ, 4/1991",KKV
AWM SC 13086,13,,,Rudrapatnam,"Rudrapatnam brothers, Jamachamaraj, Woodayar songs",,y,,KKV
AWM SC 13087(1),13,,,Rudrapatnam,"Rudrapatnam brothers, Mysore Nagaraj, V. Praveen",(1 of 2),y,,KKV
AWM SC 13087(2),13,,,Rudrapatnam,"Rudrapatnam brothers, Mysore Nagaraj, V. Praveen",(2 of 2),y,,KKV
AWM SC 13088(1),13,,,Rukmini,"Rukmini Balasubramanian, Jayshankar Balan, C.P. Viswanath",T.S.M concert  (1 of 2),y,8/11/91,KKV
AWM SC 13088(2),13,,,Rukmini,"Rukmini Balasubramanian, Jayshankar Balan, C.P. Viswanath",T.S.M concert  (2 of 2),y,8/11/91,KKV
AWM SC 13089,13,,,Rukmimi,Rukmimi Subramanian,Concert by Rukmimi Subramanian,,9/22/00,
AWM SC 13090(1),13,,,Saavitri,Savitri Ramanand,Navrathri Music Festival (1 of 2),,"Detroit, 10/3/1992",KKV
AWM SC 13090(2),13,,,Saavitri,Savitri Ramanand,Navrathri Music Festival (2 of 2),,"Detroit, 10/3/1992",KKV
AWM SC 13091(1),13,,,Sankaranarayanan,"T.V. Sankaranarayanan, Ramanujacharly, Pallhat Ragy",(1 of 2),y,"Shan Mukhanana Hall S. Jubilee, 1988",KKV
AWM SC 13091(2),13,,,Sankaranarayanan,"T.V. Sankaranarayanan, Ramanujacharly, Pallhat Ragy",(2 of 2),y,"Shan Mukhanana Hall S. Jubilee, 1988",KKV
AWM SC 13092(1),13,,,Sankaranarayanan,"T.V. Sankaranarayanan, Mysore Naharaj, Thiry Varur Bhalthavatsalam",Papanasm Sivan Centenary Concert (1 of 2),y,"NJ, 1990",KKV
AWM SC 13092(2),13,,,Sankaranarayanan,"T.V. Sankaranarayanan, Mysore Naharaj, Thiry Varur Bhalthavatsalam",Papanasm Sivan Centenary Concert (2 of 2),y,"NJ, 1990",KKV
AWM SC 13093,13,,,Sankaranarayanan,T.V. Sankaranarayanan,Volume I,,"Detroit, 5/11/1990",KKV
Missing,14,,,Sankaranarayanan,T.V. Sankaranarayanan,Volume II,,"Detroit, 5/11/1991",KKV
AWM SC 13094,13,,,Sankaranarayanan,"T.V. Sankaranarayanan, Mysore Nagaraj, Thiruvarour Bhakthavatsalam",,,"Detroit, 5/11/1990",KKV
AWM SC 13095,13,,,Sankaranarayanan,"T.V. Sankaranarayanan, T.K.V. Ramana Jacharly, T.K. Murthy"," Papanasam, Sivan Compositions",y,Mar-91,KKV
AWM SC 13096(1),14,,,Sankaranarayanan,"T.V. Sankaranarayanan, T.K.V. Ramanujacharyalu, B. Harikumar","T.V. Sankaranarayanan at the Music Academy, Madras - 1993 (1 of 2)",y,"Madras, 1993",KKV
AWM SC 13096(2),14,,,Sankaranarayanan,"T.V. Sankaranarayanan, T.K.V. Ramanujacharyalu, B. Harikumar","T.V. Sankaranarayanan at the Music Academy, Madras - 1993 (2 of 2)",y,"Madras, 1993",KKV
AWM SC 13097(1),14,,,Sankaranarayanan,"T.V. Sankaranarayanan, T.K.V. Ramanujacharyalu, B. Harikumar",(1 of 2),y,"Cambridge, MA, 1994",KKV
AWM SC 13097(2),14,,,Sankaranarayanan,"T.V. Sankaranarayanan, T.K.V. Ramanujacharyalu, B. Harikumar",(2 of 2),y,"Boston, MA, 1994",KKV
AWM SC 13098(1),14,,,Sankaranarayanan,"T.V. Sankaranarayanan, T.K.V. Ramanujacharyalu, B. Harikumar",(1 of 2),y,"Detroit, 8/26/1994",KKV
AWM SC 13098(2),14,,,Sankaranarayanan,"T.V. Sankaranarayanan, T.K.V. Ramanujacharyalu, B. Harikumar",(2 of 2),y,"Detroit, 8/26/1994",KKV
AWM SC 13099(1),14,,,Sankaranarayanan,"T.V. Sankaranarayanan, T.K.V. Ramanujacharyalu, B. Harikumar",(1 of 3),y,"Toronto, 9/1994",KKV
AWM SC 13099(2),14,,,Sankaranarayanan,"T.V. Sankaranarayanan, T.K.V. Ramanujacharyalu, B. Harikumar",(2 of 3),y,"Toronto, 9/1994",KKV
AWM SC 13099(3),14,,,Sankaranarayanan,"T.V. Sankaranarayanan, T.K.V. Ramanujacharyalu, B. Harikumar",(3 of 3),y,"Toronto, 9/1994",KKV
AWM SC 13100(1),14,,,Sankaranarayanan,"T.V. Sankaranarayanan, T.K.V. Ramanujacharyalu, B. Harikumar",(1 of 2),y,"Ottawa, 1994",KKV
AWM SC 13100(2),14,,,Sankaranarayanan,"T.V. Sankaranarayanan, T.K.V. Ramanujacharyalu, B. Harikumar",(2 of 2),y,"Ottawa, 1994",KKV
AWM SC 13101(1),14,,,Sankaranarayanan,"T.V. Sankaranarayanan, T.K.V. Ramanujacharyalu, B. Harikumar",(1 of 2),y,"Houston, 1994",KKV
AWM SC 13101(2),14,,,Sankaranarayanan,"T.V. Sankaranarayanan, T.K.V. Ramanujacharyalu, B. Harikumar",(2 of 2),y,"Houston, 1994",KKV
AWM SC 13102(1),14,,,Sankaranarayanan,"T.V. Sankaranarayanan, T.K.V. Ramanujacharyalu, B. Harikumar",(1 of 2),y,"Atlanta, 1994",KKV
AWM SC 13102(2),14,,,Sankaranarayanan,"T.V. Sankaranarayanan, T.K.V. Ramanujacharyalu, B. Harikumar",(2 of 2),y,"Atlanta, 1994",KKV
AWM SC 13103(1),14,,,Sankaranarayanan,"T.V. Sankaranarayanan, T.K.V. Ramarvujacharyalu, B. Harikumar",(1 of 2),y,"Columbus, 1994",KKV
AWM SC 13103(2),14,,,Sankaranarayanan,"T.V. Sankaranarayanan, T.K.V. Ramarvujacharyalu, B. Harikumar",(2 of 2),y,"Columbus, 1994",KKV
AWM SC 13104(1),14,,,Sankaranarayanan,"T.V. Sankaranarayanan, Sriram Parasuram, T. Bhakthavatsauam, V. Nalarajan",(1 of 2),y,"MA, 1995",KKV
AWM SC 13104(2),14,,,Sankaranarayanan,"T.V. Sankaranarayanan, Sriram Parasuram, T. Bhakthavatsauam, V. Nalarajan",(2 of 2),y,"MA, 1995",KKV
AWM SC 13105(1),14,,,Sankaranarayanan,T.V. Sankaranarayanan,6th Annual Navarathri Festival (1 of 2),y,"Detroit, 10/26/1996",KKV
AWM SC 13105(2),14,,,Sankaranarayanan,T.V. Sankaranarayanan,6th Annual Navarathri Festival (2 of 2),y,"Detroit, 10/26/1996",KKV
AWM SC 13106(1),14,,,Sankaranarayanan,T.V. Sankaranarayanan,Navarathri Music Concert (1 of 2),y,"Bharatiya Temple, MI , 10/26/1996",
AWM SC 13106(2),14,,,Sankaranarayanan,T.V. Sankaranarayanan,Navarathri Music Concert (1 of 2),y,"Bharatiya Temple, MI , 10/26/1996",
AWM SC 13107(1),14,,,Sankaranarayanan,T.V. Sankaranarayanan,Vocal concert. Navarathri Festival (1 of 2),y,"Detroit, 10/3/1998",KKV
AWM SC 13107(2),14,,,Sankaranarayanan,T.V. Sankaranarayanan,Vocal concert. Navarathri Festival (2 of 2),y,"Detroit, 10/3/1998",KKV
AWM SC 13108(1),14,,,Sankaranarayanan,T.V. Sankaranarayanan,New Jersey Concert (1 of 2),,NJ,KKV
AWM SC 13108(2),14,,,Sankaranarayanan,T.V. Sankaranarayanan,New Jersey Concert (2 of 2),,NJ,KKV
AWM SC 13109,14,,,Sankaranarayanan,"T.V. Sankaranarayanan, Delhi P. Sunderarajnan, Padmasree Palghatraghu",,y,,KKV
AWM SC 13110(1),14,,,Sankaranarayanan,"T.V. Sankaranarayanan, Mysore Nagaraj, T.K. Murthy",(1 of 2),y,,KKV
AWM SC 13110(2),14,,,Sankaranarayanan,"T.V. Sankaranarayanan, Mysore Nagaraj, T.K. Murthy",(2 of 2),y,,KKV
AWM SC 13111,14,,,Sankaranarayanan,"T.V. Sankaranarayanan, V.V. Subramanian, Srimushanam Rajarao, V. Nagarajan",,y,,KKV
AWM SC 13112,14,,,Sankaranarayanan,"T.V.S., M.A. Sundaresan, Wnayalpurim Sivitritumtru, Palaram Sundatem",The Virtuoso,y,,KKV
AWM SC 13113(1),14,,,Santhanam,"Jayalakshmi Santharvam, Jayshankar balan, C.P. Paraswarm",Venkat's House (1 of 3),y,"Venkat's house, 8/18/1991",KKV
AWM SC 13113(2),14,,,Santhanam,"Jayalakshmi Santharvam, Jayshankar balan, C.P. Paraswarm",Venkat's House (2 of 3),y,"Venkat's house, 8/18/1991",KKV
AWM SC 13113(3),14,,,Santhanam,"Jayalakshmi Santharvam, Jayshankar balan, C.P. Paraswarm",Venkat's House (3 of 3),y,"Venkat's house, 8/18/1991",KKV
AWM SC 13114(1),15,,,Santhanam,"Jayalakshmi Santharvam, Jayshankar balan, Viswanath Paraswarm","Troy, MI (1 of 3)",,"Troy, MI. 11/2/1991",KKV
AWM SC 13114(2),15,,,Santhanam,"Jayalakshmi Santharvam, Jayshankar balan, Viswanath Paraswarm","Troy, MI (2 of 3)",,"Troy, MI. 11/2/1991",KKV
AWM SC 13114(3),15,,,Santhanam,"Jayalakshmi Santharvam, Jayshankar balan, Viswanath Paraswarm","Troy, MI (3 of 3)",,"Troy, MI. 11/2/1991",KKV
AWM SC 13115(1),15,,,Santhanam,Maharajapuram Santhanam,(1 of 2),y,"Detroit, Sept-89",KKV
AWM SC 13115(2),15,,,Santhanam,Maharajapuram Santhanam,(2 of 2),y,"Detroit, Sept-89",KKV
AWM SC 13116,15,,,Santhanam,"Maharajapuram Santhanam, Lalgudi Jayaraman",Tanjore Upgudran / Charumathi Ramaghandran,y,Dec-83,KKV
AWM SC 13117(1),15,,,Santhanam,Maharajapuram Santhanam,Music academy - Madras (1 of 2),y,Dec-89,KKV
AWM SC 13117(2),15,,,Santhanam,Maharajapuram Santhanam,Music academy - Madras (2 of 2),y,Dec-89,KKV
AWM SC 13118,15,,,Santhanam,Maharajapuram Santhanam ,All Tamil songs,y,Dec-91,KKV
AWM SC 13119,15,,,Santhanam,Maharajapuram Santhanam ,,y,Dec-91,KKV
AWM SC 13120,15,6 SEI 570,,Santhanam,Maharajapuram Santhanam,Bhajans ,y,,
AWM SC 13121(1),15,,,Santhanam,Maharajapuram Santhanam,Shanmyananda Hall Silver Jubilee (1 of 2),y,,KKV
AWM SC 13121(2),15,,,Santhanam,Maharajapuram Santhanam,Shanmyananda Hall Silver Jubilee (2 of 2),y,,KKV
AWM SC 13122(1),15,,,Santhanam,Maharajapuram Santhanam,Lalgudi - Ramahdran (1 of 2),y,,
AWM SC 13122(2),15,,,Santhanam,Maharajapuram Santhanam,Lalgudi - Ramahdran (2 of 2),y,,
AWM SC 13123,15,SVCC 03,,Santhanam,Maharajapuram Santhanam,The Mellifluous,y,,KKV
AWM SC 13124,15,,,Santhanam,Maharajapuram Santhanam,85-91 Acadent Excerpts,y,,
AWM SC 13125,15,,,Santhanam,Maharajapuram Santhanam,Sangeetham,y,,KKV
AWM SC 13126,15,,,Santhanam,Maharajapuram Santhanam,Thyaharaja Krithis,,,KKV
AWM SC 13127(1),15,,,Santhanam,Maharajapuram Santhanam ,Maharajapuram Santhanam Concert (1 of 2),y,,
AWM SC 13127(2),15,,,Santhanam,Maharajapuram Santhanam ,Maharajapuram Santhanam Concert (2 of 2),y,,
AWM SC 13128,15,,,Santhanam,Maharajapuram Santhanam ,Maharajapuram Santhanam Albums 1 & 2,,,
AWM SC 13129,15,,,Santhanam,Maharajapuram Santhanam ,Maharajapuram Santhanam sings for you,y,,KKV
AWM SC 13130,15,,,Santhanam,Maharajapuram Santhanam ,,y,,KKV
AWM SC 13131,15,,,Santhanam,Maharajapuram Santhanam ,Stereo in Ecstacy,y,,KKV
AWM SC 13132,15,,,Santhanam,Maharajapuram Santhanam ,Vinayagar songs,y,,KKV
AWM SC 13133,15,,,Santhanam,Maharajapuram Santhanam ,Mysore Vasudevacharya Krithigaly,y,,KKV
AWM SC 13134,15,,,Santhanam,Maharajapuram Santhanam ,,,,
AWM SC 13135,15,,,Santhanam,Maharajapuram Santhanam / Maharajapuram Srinivasan,,y,,
AWM SC 13136(1),15,,,Santhanam,"Maharajapuram Santhanam V. Thyapurajan, T.  Narandran, T.H. Vinayuhram",(1 of 2),y,,KKV
AWM SC 13136(2),15,,,Santhanam,"Maharajapuram Santhanam V. Thyapurajan, T.  Narandran, T.H. Vinayuhram",(2 of 2),y,,KKV
AWM SC 13137,15,,,Santhanam,"Maharajapuram Santhanam, Coimbatore Dakshinamurthi, R. Ramesh, Mayavaram Rajaraman",,y,,KKV
AWM SC 13138,15,,,Santhanam,"Maharajapuram Santhanam, Subramaniam, V. Ramabhadran, Vimayakram",The Mellifluous,y,,KKV
AWM SC 13139,15,,,Santhanam,"Maharajapuram Santhanam, V. Thyagarajan, Vellore Ramabhadran",Shyama Sastri Krithis,y,,KKV
AWM SC 13140,15,,,Santhanam,"Maharajapuram Santhanam, V. Thyagarajan, Vellore Ramabhadran",Srinivasan & Ramachandran,y,,
AWM SC 13141(1),16,,,Sastrical,Balakrishna Sastrical,Sita Kalyanam (1 and 2),,,
AWM SC 13141(2),16,,,Sastrical,Balakrishna Sastrical,Sita Kalyanam (3 and 4),,,
AWM SC 13142(1),16,,,Sastrigal,T.S. Balakrishna Sastrigal,Thyagaraja Ramayanam (1 of 5),,,
AWM SC 13142(2),16,,,Sastrigal,T.S. Balakrishna Sastrigal,Thyagaraja Ramayanam (2 of 5),,,
AWM SC 13142(3),16,,,Sastrigal,T.S. Balakrishna Sastrigal,Thyagaraja Ramayanam (3 of 5),,,
AWM SC 13142(4),16,,,Sastrigal,T.S. Balakrishna Sastrigal,Thyagaraja Ramayanam (4 of 5),,,
AWM SC 13142(5),16,,,Sastrigal,T.S. Balakrishna Sastrigal,Thyagaraja Ramayanam (5 of 5),,,
AWM SC 13143(1),16,,,Seshagopalan,T.N. Seshagopalan,Houston concert (1 of 2),y,"Houston, 4/10/1992",KKV
AWM SC 13143(2),16,,,Seshagopalan,T.N. Seshagopalan,Houston concert (2 of 2),y,"Houston, 4/10/1992",KKV
AWM SC 13144(1),16,,,Seshagopalan,T.N. Seshagopalan,(1 of 3),,Detroit. 4/25/1992,KKV
AWM SC 13144(2),16,,,Seshagopalan,T.N. Seshagopalan,(2 of 3),,Detroit. 4/25/1992,KKV
AWM SC 13144(3),16,,,Seshagopalan,T.N. Seshagopalan,(3 of 3),,Detroit. 4/25/1992,KKV
AWM SC 13145(1),16,,,Seshagopalan,T.N. Seshagopalan,Detroit Tamil Sangam (1 of 2),y,"Detroit, 7/18/1993",KKV
AWM SC 13145(2),16,,,Seshagopalan,T.N. Seshagopalan,Detroit Tamil Sangam (2 of 2),y,"Detroit, 7/18/1993",KKV
AWM SC 13146(1),16,,,Seshagopalan,T.N. Seshagopalan,(1 of 3),y,"Detroit, 11/11/1994",KKV
AWM SC 13146(2),16,,,Seshagopalan,T.N. Seshagopalan,(2 of 3),y,"Detroit, 11/11/1994",KKV
AWM SC 13146(3),16,,,Seshagopalan,T.N. Seshagopalan,(3 of 3),y,"Detroit, 11/11/1994",KKV
AWM SC 13147(1),16,,,Seshagopalan,Madurai T.N. Seshagopalan,The Trinity Academy of Fine Arts (1 of 3),y,"The Trinity Academy of Fine Arts, MI. 8/18/1996",KKV
AWM SC 13147(2),16,,,Seshagopalan,Madurai T.N. Seshagopalan,The Trinity Academy of Fine Arts (2 of 3),y,"The Trinity Academy of Fine Arts, MI. 8/18/1996",KKV
AWM SC 13147(3),16,,,Seshagopalan,Madurai T.N. Seshagopalan,The Trinity Academy of Fine Arts (3 of 3),y,"The Trinity Academy of Fine Arts, MI. 8/18/1996",KKV
AWM SC 13148,16,6 CA 584,,Seshagopalan,T.N. Seshagopalan,Classical Melodies - Madurai,y,,
AWM SC 13149,16,6ECDB 402,,Seshagopalan,T.N. Seshagopalan,Karnatic Classical - Vocal,y,,
AWM SC 13150,16,,,Seshagopalan,T.N. Seshagopalan / Bombay Sisters,,y,,KKV
AWM SC 13151,16,,,Seshagopalan,"T.N. Seshagopalan, S.D. Sridharan, Padmashri Ramanathapuram Muruga",Muthiah Bhagavathar Compositions,y,,KKV
AWM SC 13152(1),16,,,Seshagopalan,T.S. Seshagopalan,U.S. Concert (1 of 3),y,,KKV
AWM SC 13152(2),16,,,Seshagopalan,T.S. Seshagopalan,U.S. Concert (2 of 3),y,,KKV
AWM SC 13152(3),16,,,Seshagopalan,T.S. Seshagopalan,U.S. Concert (3 of 3),y,,KKV
AWM SC 13153,16,,,Seshagopalan,"T.S. Seshagopalan, S.D. Sridhar, K.V. Prasad, E.M. Subramaniam / Kandadevi Alairis, Guruvayour Dorai",Sangeetha Cassette,y,,KKV
AWM SC 13154,16,,,Shankar,"L. Shankar, Pancha Nadai ",R.T.P. in Sankarabharanam,y,"Oslo, Norway, 1989",KKV
AWM SC 13155(1),16,,,Shankar,Balaji Shankar,Michigan Tamil Sangam 1997 (1 of 2),y,1997,
AWM SC 13155(2),16,,,Shankar,Balaji Shankar,Michigan Tamil Sangam 1997 (2 of 2),y,1997,
AWM SC 13156(1),16,,,Shankar,Balaji Shankar,LA Concert (1 of 2),y,"LA, 6/28/1997",KKV
AWM SC 13156(2),16,,,Shankar,Balaji Shankar,LA Concert (2 of 2),y,"LA, 6/28/1997",KKV
AWM SC 13157,16,,,Shankar,"Karuna Supreme / Ravi Shanikar, Lakshmi Shanikar and Troupe",,y,,
AWM SC 13158,16,,,Shankar,"L. Shankar, / Kadri Gopalnath",Umayalruram / Saxophone,y,,KKV
AWM SC 13159,16,,,Shankar,"Ravi Shankar / N. Ramani, R. Venkatrama",The genius of Ravi Shankar / Lalgudi,y,,KKV
AWM SC 13160,16,,,Shashank,Master S. Shashank,Flute,y,,
AWM SC 13161(1),17,,,Shashank,Sundavegan,"Melodies from the Bamboo, Flute of Master Shashank CD 2",y,,
AWM SC 13161(2),17,,,Shashank,"Sundavegan, Navendgan, Gopalakrishvan ","Melodies from the Bamboo, Flute of Master Shashank CD 1",y,,
AWM SC 13162(1),17,,,Sheela,M.S. Sheela ,Detroit concert (1 of 3),,4/14/96,KKV
AWM SC 13162(2),17,,,Sheela,M.S. Sheela ,Detroit concert (2 of 3),,4/14/96,KKV
AWM SC 13162(3),17,,,Sheela,M.S. Sheela ,Detroit concert (3 of 3),,4/14/96,KKV
AWM SC 13163(1),17,,,Sheela,MS Sheela,Carnatic vocal concert (1 of 2),y,"Univ. of Detroit, 6/14/1998",
AWM SC 13163(2),17,,,Sheela,MS Sheela,Carnatic vocal concert (2 of 2),y,"Univ. of Detroit, 6/14/1998",
AWM SC 13164,17,,,Sheik,Sheik Chinnanowlana / M.K. Thyagara,Nadhasnaran / Bagavathar,,8/26/79,
AWM SC 13165,17,,,Sheik,Shek Chinnamoulana,Nadaswaram,y,,HV
AWM SC 13166(1),17,,,Sikkil,Sikkil sisters,Flute - Volume 1,,"Detroit, 6/21/1985",KKV
AWM SC 13166(2),17,,,Sikkil,Sikkil sisters,Flute - Volume 2,,"Detroit, 6/21/1985",KKV
AWM SC 13167(1),17,,,Sikkil,Sikkil Mala Chandrasekhar,(1 of 3),y,"Detroit, 10/2/1999",
AWM SC 13167(2),17,,,Sikkil,Sikkil Mala Chandrasekhar,(2 of 3),y,"Detroit, 10/2/1999",
AWM SC 13167(3),17,,,Sikkil,Sikkil Mala Chandrasekhar,(3 of 3),y,"Detroit, 10/2/1999",
AWM SC 13168(1),17,,,Sikkil,"Sikkil Sisters, T. Rukmini, Srimushanam Rajarao, T.H. Vinayakaram",(1 of 2),y,,KKV
AWM SC 13168(2),17,,,Sikkil,"Sikkil Sisters, T. Rukmini, Srimushanam Rajarao, T.H. Vinayakaram",(2 of 2),y,,KKV
AWM SC 13169(1),17,,,Sirghazhi,Sirghazhi Govindarajan,(1 of 2),y,"Town Hall, NY. ",
AWM SC 13169(2),17,,,Sirghazhi,Sirghazhi Govindarajan,(2 of 2),y,"Town Hall, NY. ",
AWM SC 13170(1),17,,,Siva,"N. Vijay Siva, R.K. Shriram Kumar, J. Vaidyaathan, V. Selva Ganesh",Tamil Sangam Michigan (1 of 2),y,"Detroit, 8/29/1993",KKV
AWM SC 13170(2),17,,,Siva,"N. Vijay Siva, R.K. Shriram Kumar, J. Vaidyaathan, V. Selva Ganesh",Tamil Sangam Michigan (2 of 2),y,"Detroit, 8/29/1993",KKV
AWM SC 13171,17,,,Siva,"N. Vijay Siva, R.K. Shriram Kumar, J. Vaidyaathan, V. Selva Ganesh",AVM Cassette,y,,KKV
AWM SC 13172,17,,,Sivaprasad,Whistle Sivaprasad,Carnatic music (Side A) / Saraswathi Songs (Side B),y,,
AWM SC 13173,17,,,Somasundaram,Madurai Somu / M.D. Ramanathan,,,,KKV
AWM SC 13174,17,,,Soundarya Lahiri,Soundarya Lahiri,,,,
AWM SC 13175(1),17,,,Srinivasan ,Sowmya ,Vocal Concert (1 of 2),y,"Detroit, 10/25/1997",
AWM SC 13175(2),17,,,Srinivasan ,Sowmya ,Vocal Concert (2 of 2),y,"Detroit, 10/25/1997",
AWM SC 13176,17,,,Srinivasan ,Sowmya,Rama nama mahima (1 of 1),y,,KKV
AWM SC 13177(1),17,,,Srinivasan ,"Sowmya, Narmada, Balaji ","Sowmya, Narmada, Balaji  (1 of 2)",,,
AWM SC 13177(2),17,,,Srinivasan ,"Sowmya, Narmada, Balaji ","Sowmya, Narmada, Balaji (2 of 2)",,,
AWM SC 13178(1),17,,,Srinivasan ,"S. Sowmya, V.L. Kumar, Melakaveri K. Balaji, S. Karthick",Aum  Cassete (1 of 2),y,Dec-93,KKV
AWM SC 13178(2),17,,,Srinivasan ,"S. Sowmya, V.L. Kumar, Melakaveri K. Balaji, S. Karthick",Aum  Cassete (2 of 2),y,Dec-93,KKV
AWM SC 13179(1),17,,,Srinivasan ,"S. Sowmya, V.L. Kumar, Melakaveri K. Balaji, S. Karthick",Aum - Cassette (1 of 2),y,Dec-94,KKV
AWM SC 13179(2),17,,,Srinivasan ,"S. Sowmya, V.L. Kumar, Melakaveri K. Balaji, S. Karthick",Aum - Cassette (2 of 2),y,Dec-94,KKV
AWM SC 13180,17,,,Srinivasan ,S. Sowmya,Devi Krithis (1 of 1),y,,
AWM SC 13181,17,,,Srinivasan ,S. Sowmya,Uthsawa Sampradaya Krithis of Srithyawaraja (1 of 1),y,,KKV
AWM SC 13182,17,,,Srinivasan ,S. Sowmya,Shanmukhariya - CD (HGHT Classical) accompanied by the orchestra of Vazhuvour R. Manikkavinamakam,y,,KKV
AWM SC 13183,17,,,Srinivasan ,S. Sowmya ,Kaavadi Chindu (1 of 1),y,,KKV
AWM SC 13184(1),18,,,Srinivasan ,"S. Sowmya, Narmada, M. Balaja, S. Karthick",(1 of 2),y,,KKV
AWM SC 13184(2),18,,,Srinivasan ,"S. Sowmya, Narmada, M. Balaja, S. Karthick",(2 of 2),y,,KKV
AWM SC 13185,18,,,Srinivasan ,"S. Sowmya, Vittal Ramamurthy, Mglakkavrri Balaji, S. Karthik ",Prerecorded cassette (1 of 1),y,,KKV
AWM SC 13186,18,,,Sreekumar,M.G. Sreekumar,Sreekumar Devotional,,,
AWM SC 13187,18,,,Subbalakshmi,"M.S. Subbalakshmi (Radha), Thiruvalangadu Sundar Esaiyer, T.K. Murthy, Kothaniaritma Iyer (Air)",Radha ,y,1958,KKV
AWM SC 13188,18,,,Subbalakshmi,M.S. Subbalakshmi / Karukurichi Arunachalam,U.S. Concert tour / Nadhaswaram,y,1966,KKV
AWM SC 13189,18,,,Subbalakshmi,M.S. Subbulakshmi,American Tour (1966) / Thyagaraja's Pancharatna Kirtanas,y,1966,KKV
AWM SC 13190,18,,,Subbalakshmi,"M.S. Subbulakshmi, Thiryvalankadu Sundareson, T.K. Murthy, Umayalpuram Kothandarama Iyar",Ramanavami,,1968,KKV
AWM SC 13191,18,,,Subbalakshmi,M.S. Subbulakshmi ,Music Academy (1976) (1 of 1),y,1976,KKV
AWM SC 13192(1),18,,,Subbalakshmi,M.S. Subbalakshmi ,M.S. Concert (1 of 3),,"Detroit, 1977",
AWM SC 13192(2),18,,,Subbalakshmi,M.S. Subbalakshmi ,M.S. Concert (2 of 3),,"Detroit, 1977",
AWM SC 13192(3),18,,,Subbalakshmi,M.S. Subbalakshmi ,M.S. Concert (3 of 3),,"Detroit, 1977",
AWM SC 13193(1),18,,,Subbalakshmi,"M.S. Subbalakshmi, v. Alagiriswamy, Guruvayaur Dorai",Pittsburgh (1 of 2),,"Pittsburgh, 1977",KKV
AWM SC 13193(2),18,,,Subbalakshmi,"M.S. Subbalakshmi, v. Alagiriswamy, Guruvayaur Dorai",Pittsburgh (2 of 2),,"Pittsburgh, 1977",KKV
AWM SC 13194,18,,,Subbalakshmi,M.S. Subbalakshmi / Balamurali Krishna,Bharathi Songs / Badrachala Ramadas Kritis,y,1983,
AWM SC 13195(1),18,,,Subbalakshmi,M.S. Subbalakshmi,Sankaranethralaya Benefit Concert (1 of 2),y,"Madras, 11/17/1990",KKV
AWM SC 13195(2),18,,,Subbalakshmi,M.S. Subbalakshmi,Sankaranethralaya Benefit Concert (2 of 2),y,"Madras, 11/17/1990",KKV
AWM SC 13196,18,,,Subbalakshmi,M.S. Subbulakshmi,Alaval and other devotional songs / New classicals,y,Apr-91,KKV
AWM SC 13197,18,,,Subbalakshmi,"Malika Chakra of Maha, Vaidyanathan Sivan ,M.S. Subbalakshmi, T.S. Narayanarao, K.V. Prasad",Mela-Raga,y,Jun-91,KKV
AWM SC 13198,18,,,Subbalakshmi,M.S. Subbulakshmi,Satabdi Samarpanam - M.S. Subbulakshmi on Kanchi Paramachrya Centenary,y,May-93,KKV
AWM SC 13199(1),18,,,Subbalakshmi,M.S. Subbulakshmi,Air concerts - Excerpts (1 of 4),y,Dec-94,KKV
AWM SC 13199(2),18,,,Subbalakshmi,M.S. Subbulakshmi,Air concerts - Excerpts (2 of 4),y,Dec-94,KKV
AWM SC 13199(3),18,,,Subbalakshmi,M.S. Subbulakshmi,Air concerts - Excerpts (3 of 4),y,Dec-94,KKV
AWM SC 13199(4),18,,,Subbalakshmi,M.S. Subbulakshmi,Air concerts - Excerpts (4 of 4),y,Dec-94,KKV
AWM SC 13200(1),18,,,Subbalakshmi,M.S. Subbalakshmi and Party,M.S. Subbalakshmi and Party at Rangi's wedding,,"Flint, MI. 5/19/1990",KKV
AWM SC 13200(2),18,,,Subbalakshmi,"M.S. Subbalakshmi, K.V. Prasad (M), R.K. SriRamkumar (V) ",M.S. Subbulakshmi at Ramji's Wedding (2),,1/26/95,KKV
AWM SC 13201,18,,,Subbalakshmi,M.S. Subbalakshmi,,,,
AWM SC 13202,18,,,Subbalakshmi,M.S. Subbalakshmi,"Vishnu Sahasranamam, Charumathi Raachandran",y,,
AWM SC 13203(1),18,,,Subbalakshmi,M.S. Subbalakshmi ,M.S. Subbalakshmi at the music academy - Madras (1 of 2),y,,KKV
AWM SC 13203(2),18,,,Subbalakshmi,M.S. Subbalakshmi ,M.S. Subbalakshmi at the music academy - Madras (2 of 2),y,,KKV
AWM SC 13204,18,,,Subbalakshmi,M.S. Subbalakshmi ,Concert at Carnegie Hall (New York),y,,
AWM SC 13205,18,,,Subbalakshmi,M.S. Subbalakshmi ,A.I.R. National Prolram,,,
AWM SC 13206,18,SCHVS 847081,,Subbalakshmi,M.S. Subbalakshmi ,Sri Venkateswara (Balaji) Pancharatnamala,y,,
AWM SC 13207,18,,,Subbalakshmi,M.S. Subbalakshmi & K.S. Narayanaswami,Classical Indian Music / Popular Melodies of M.S. Subbalakshmi,y,,KKV
AWM SC 13208,18,,,Subbalakshmi,M.S. Subbalakshmi / P. Leela,Annaryacharya Sankirtanas / Njanapana Gurvvayoorappan songs,,,KKV
AWM SC 13209,18,,,Subbalakshmi,"M.S. Subbalakshmi, T.N. Krishnan",Vocal,,,
AWM SC 13210,19,,,Subbalakshmi,M.S. Subbulakshmi,,y,,
AWM SC 13211,19,,,Subbalakshmi,M.S. Subbulakshmi,Sri. Annanacharya Sankirtanas / Sri. Venkateswara Pancharatmala songs,y,,
AWM SC 13212(1),19,,,Subbalakshmi,M.S. Subbulakshmi,M.S. Subbulakshmi (1 of 2),y,,KKV
AWM SC 13212(2),19,,,Subbalakshmi,M.S. Subbulakshmi,M.S. Subbulakshmi (2 of 2),y,,KKV
AWM SC 13213(1),19,,,Subbalakshmi,M.S. Subbulakshmi,80th birthday commemoration (1 of 3),y,,KKV
AWM SC 13213(2),19,,,Subbalakshmi,M.S. Subbulakshmi,80th birthday commemoration (2 of 3),y,,KKV
AWM SC 13213(3),19,,,Subbalakshmi,M.S. Subbulakshmi,80th birthday commemoration (3 of 3),y,,KKV
AWM SC 13214,19,,,Subbalakshmi,M.S. Subbulakshmi,M.S. Subbulakshmi (1 of 1),y,,KKV
AWM SC 13215,19,,,Subbalakshmi,M.S. Subbulakshmi,Radhamadhavam,y,,HV
Missing,,STHV 847906,,Subbalakshmi,M.S. Subbulakshmi,"Classical Carnatic - Vocal, Radio Recitals (Excerpts) 1",y,,
AWM SC 13216,19,STHV 847907,,Subbalakshmi,M.S. Subbulakshmi,"Classical Carnatic - Vocal, Radio Recitals (Excerpts) 2",y,,make a note of  1st vol in finding aid
AWM SC 13217,19,STHV 847908,,Subbalakshmi,M.S. Subbulakshmi,"Classical Carnatic - Vocal, Radio Recitals (Excerpts) 3",y,,
AWM SC 13218,19,STHV 847909,,Subbalakshmi,M.S. Subbulakshmi,"Classical Carnatic - Vocal, Radio Recitals (Excerpts) 4",y,,
AWM SC 13219,19,,,Subbalakshmi,M.S. Subbulakshmi / S. Balachandar,Venkateswara Suprabatham (in Tamil) / Immortal sounds of the veena,y,,
AWM SC 13220,19,,,Subbalakshmi,M.S.S. / Lalgudi Jayaraman,Sri Shankara Stuti,y,,
AWM SC 13221,19,,,Subbalakshmi,Thiruvambavai / M.S. Subbulakshmi,,y,,KKV
AWM SC 13222,19,,,Subrahmanyam ,Sanjay Subrahmanyam,Ambujam Krishna Festival,y,8/4/93,KKV
AWM SC 13223,19,,,Subrahmanyam ,Sanjay Subramanian,Excerpts from Sanjay Subramanian's Mylapore Fine Arts Club Concert,,"India, 12/1993",KKV
AWM SC 13224(1),19,,,Subrahmanyam ,"sanjay Subrahmanian, Vittal Ramamurthy, K. Arun Prakash, Neyveli B. Venkatesh",AUM Cassette (1 of 2),y,Dec-94,KKV
AWM SC 13224(2),19,,,Subrahmanyam ,"sanjay Subrahmanian, Vittal Ramamurthy, K. Arun Prakash, Neyveli B. Venkatesh",AUM Cassette (2 of 2),y,Dec-94,KKV
AWM SC 13225(1),19,,,Subrahmanyam ,"Sanjay Subramaniam, R.K. Sriramkumar, Arun Prakash","Bridgewater Temple, NJ (1 of 3)",y,"NY, 10/15/1995",KKV
AWM SC 13225(2),19,,,Subrahmanyam ,"Sanjay Subramaniam, R.K. Sriramkumar, Arun Prakash","Bridgewater Temple, NJ (2 of 3)",y,"NY, 10/15/1995",KKV
AWM SC 13225(3),19,,,Subrahmanyam ,"Sanjay Subramaniam, R.K. Sriramkumar, Arun Prakash","Bridgewater Temple, NJ (3 of 3)",y,"NY, 10/15/1995",KKV
AWM SC 13226(1),19,,,Subrahmanyam ,Sanjay Subramaniam,Univ. of Detroit Concert (1 of 3),y,"Detroit, 11/17/1995",KKV
AWM SC 13226(2),19,,,Subrahmanyam ,Sanjay Subramaniam,Univ. of Detroit Concert (2 of 3),y,"Detroit, 11/17/1995",KKV
AWM SC 13226(3),19,,,Subrahmanyam ,Sanjay Subramaniam,Univ. of Detroit Concert (3 of 3),y,"Detroit, 11/17/1995",KKV
AWM SC 13227,19,,,Subrahmanyam ,Sanjay Subrahmanyam,Ambujam Krishna Festival,y,,KKV
AWM SC 13228,19,,,Subrahmanyam ,Sanjay Subrahmanyam,,y,,KKV
AWM SC 13229(1),19,,,Subramanian,T.R. Subramanian,Detroit Concert - Tape I,,"Detroit, 6/19/1988",
AWM SC 13229(2),19,,,Subramanian,T.R. Subramanian,Detroit Concert - Tape II,,"Detroit, 6/19/1988",
AWM SC 13229(3),19,,,Subramanian,T.R. Subramanian,Detroit Concert - Tape III,,"Detroit, 6/19/1988",
AWM SC 13230,19,,,Subramaniam,Karaikkudi Subramaniam & Rajeswani Padmanabhan,,y,,KKV
AWM SC 13231(1),19,,,Sundar,Madurai R. Sundar,(1 of 2),y,5/21/89,KKV
AWM SC 13231(2),19,,,Sundar,Madurai R. Sundar,(2 of 2),y,5/21/89,KKV
AWM SC 13232(1),19,,,Sundar,"Madurai Risundar, Jayashankar Balanc, C.P. Viswanath, Tithyaharaja Aradhana","Vocal, Violin, Mridanam (1 of 2)",,"Flint, MI. 5/19/1990",KKV
AWM SC 13232(2),19,,,Sundar,"Madurai Risundar, Tithyaharaja Aradhana","Vocal, Violin, Mridanam (2 of 2)",,"Flint, MI. 5/19/1990",KKV
AWM SC 13233(1),19,,,Sundar,"Madurai R. Sundar, Jaishankar Balam, Viswanath Parasuram",Tamizh Isai Concert (1 of 3),,"Detroit, 12/8/1991",KKV
AWM SC 13233(2),19,,,Sundar,"Madurai R. Sundar, Jaishankar Balam, Viswanath Parasuram",Tamizh Isai Concert (2 of 3),,"Detroit, 12/8/1991",KKV
AWM SC 13233(3),20,,,Sundar,"Madurai R. Sundar, Jaishankar Balam, Viswanath Parasuram",Tamizh Isai Concert (3 of 3),,"Detroit, 12/8/1991",KKV
AWM SC 13234(1),20,,,Sundar,Madurai R. Sundar,Michigan Tamil Sangam (1 of 3),y,3/20/99,KKV
AWM SC 13234(2),20,,,Sundar,Madurai R. Sundar,Michigan Tamil Sangam (2 of 3),y,3/20/99,KKV
AWM SC 13234(3),20,,,Sundar,Madurai R. Sundar,Michigan Tamil Sangam (3 of 3),y,3/20/99,KKV
AWM SC 13235,20,REC 033,,Sundar,Madurai R. Sundar,Carnatic Coval. Ambujam Krishna's Compositions by Madurai R. Sundar,y,,
AWM SC 13236,20,,,Sundaram,Vini Sundaram,Thatha's songs,,3/16/00,
AWM SC 13237,20,,,Suprabhatam ,Sri Venkatesa Suprabatham / Sivananda Vitajalakshmi,Soundarya Lahari,y,,HV
AWM SC 13238,20,,,Suryanarayam,R.K. Suryanarayam,Veena,,,KKV
AWM SC 13239(1),20,,,Suryaprakash,R. Suryaprakash,Carnatic  vocal (1 of 2),y,"Detroit, 9/18/1999",
AWM SC 13239(2),20,,,Suryaprakash,R. Suryaprakash,Carnatic  vocal (2 of 2),y,"Detroit, 9/18/1999",
AWM SC 13240,20,,,Swami,Swami Daya Nanda,Management Insights,,,
AWM SC 13241,20,6 CA 551,,Thyagaraja,"Sri Thyagaraja, D.K. Jayaraman",Pancharathna Krithis,y,,
AWM SC 13242,20,60B 491,,Thyagaraja,Thyagaraja,Thyagaraja's Lalgudi Pancharatnam,,,
AWM SC 13243(1),20,,,Uppalapu,"U. Srinivas, Sikkil Bhaskaron, Palghat Raghu",(1 of 2),y,"Detroit, 3/25/1990",KKV
AWM SC 13243(2),20,,,Uppalapu,"U. Srinivas, Sikkil Bhaskaron, Palghat Raghu",(2 of 2),y,"Detroit, 3/25/1990",KKV
AWM SC 13244(1),20,,,Uppalapu,"U. Shrinivas, Peri Sree Ramanurthy, K.V. Prasad",TSM - Detroit (1 of 2),,"Detroit, 3/21/1993",KKV
AWM SC 13244(2),20,,,Uppalapu,"U. Shrinivas, Peri Sree Ramanurthy, K.V. Prasad",TSM - Detroit (2 of 2),,"Detroit, 3/21/1993",KKV
AWM SC 13245(1),20,,,Uppalapu,U. Shrinivas,TSM Detroit Concert (1 of 2),y,"Detroit, 3/25/1994",KKV
AWM SC 13245(2),20,,,Uppalapu,U. Shrinivas,TSM Detroit Concert (2 of 2),y,"Detroit, 3/25/1994",KKV
AWM SC 13246,20,,,Uppalapu,Master U. Srinivas,Mandolin,y,,H.V.
AWM SC 13247,20,P6ECDB 288,,Uppalapu,Master U. Srinivas,Mandolin,y,,
AWM SC 13248,20,,,Uppalapu,"Master U. Srinivas, Sri. P. Sunder Rajan, Sri. Umayalpuram. V. Sivaraman","Unlabeled Tape (Gold Nest Deposit Schemes, Cholamandalam)",,,
AWM SC 13249,20,,,Uppalapu,"U. Srinivas, U. Rajesh / K.V. Narayanaswamy",Mandolin Duet / Swati Tirunal Composition,y,,KKV
AWM SC 13250(1),20,,,Vaariyar,Sri Kripaananda Vaariyaar,(1 of 2),,"Detroit, 5/18/1986",KKV
AWM SC 13250(2),20,,,Vaariyar,Sri Kripaananda Vaariyaar,(2 of 2),,"Detroit, 5/18/1986",KKV
AWM SC 13251,20,CM 066,,Vani,Smt. Vani Jairam,Bhajan Sudha,y,,
AWM SC 13252(1),20,,,Vasanthakumari,Sml - M.L. Vananlhakumari,Vol. I,,"Detroit, 9/12/1986",
AWM SC 13252(2),20,,,Vasanthakumari,Sml - M.L. Vananlhakumari,Vol. II,,"Detroit, 9/12/1986",
AWM SC 13253,20,,,Vasanthakumari,M.L. Vasanthakumari,Selections from 1986 N. American Tour (1 of 1),y,1986,KKV
AWM SC 13254,20,,,Vasanthakumari,M.L. Vasanthakumar ,Guru Vandana / Triveni,y,Apr-91,KKV
AWM SC 13255,20,,,Vasanthakumari,"MLV, Thiruvallor Subrahmaniam, Tanjore Krishnamurthy",Live (Aum cassette),y,,KKV
AWM SC 13256,20,,,Vasanthakumari,MLV,Thirudavai (Tape 1),y,,
Missing,,,,Vasanthakumari,MLV,Thirudavai (Tape 1),y,,
AWM SC 13257,20,,,Vasanthakumari,"M.L. Vasanthakumar, G.P. Kamala",Cascades of carnatic music / M.L.V. + Devotional songs,y,,
AWM SC 13258,20,,,Vasanthakumari,"M.L. Vasanthakumar, Sudha Raghunathan, A. Kanyakumari",Golden Greats (1 of 1),y,,KKV
AWM SC 13259(1),20,,,Vasanthakumari,M.L.V. ,Chicago Concert I,,,KKV
AWM SC 13259(2),20,,,Vasanthakumari,M.L. Vasanthakumari,Chicago Concert II,,,KKV
AWM SC 13261,20,,,Vasanthakumari,M.L. Vasanthakumari,"Triveni, M.L. Vasanta Kumari songs",y,,KKV
AWM SC 13262(1),21,,,Vasanthakumari,M.L.V. ,Minnesota concert Vol 1 & 2,,,H.V.
AWM SC 13262(2),21,,,Vasanthakumari,M.L.V. ,Minnesota concert Vol 3 & 4,,,H.V.
AWM SC 13263,21,6 MSC 6030,,Vasanthakumari ,Dr. M.L. Vasanthakumari ,Vocal,y,,
AWM SC 13264,21,,,Vasanthakumari ,Dr. M.L. Vasanthakumari ,,,,KKV
AWM SC 13265(1),21,,,Vasudevan,N. Vasudevan,Detroit Concert (1 of 2),,"Detroit, 5/20/1984",
AWM SC 13265(2),21,,,Vasudevan,N. Vasudevan,Detroit Concert (2 of 2),,"Detroit, 5/20/1984",
AWM SC 13266(1),21,,,Vasudevan,Neyyatinkara Vasudevan,"Thygaraja Aradhana Concert, Flint Temple (1 of 3)",y,5/21/94,KKV
AWM SC 13266(2),21,,,Vasudevan,Neyyatinkara Vasudevan,Thygaraja Aradhana Concert (2 of 3),,5/21/94,KKV
AWM SC 13266(3),21,,,Vasudevan,Neyyatinkara Vasudevan,Thygaraja Aradhana Concert (3 of 3),,5/21/94,KKV
AWM SC 13267(1),21,,,Vijayaraghavan,"Sumitra Vijayaraghavan, K. Sivakumar, M. Balachandar",Detroit (Rajarams) (1 of 2),y,"Detroit, 5/27/1994",KKV
AWM SC 13267(2),21,,,Vijayaraghavan,"Sumitra Vijayaraghavan, K. Sivakumar, M. Balachandar",Detroit (Rajarams) (2 of 2),y,"Detroit, 5/27/1994",KKV
AWM SC 13268(1),21,,,Venkatesan,"Aleppey Venkatesan, M.A. Sundareswaraw, Mannaraudi Gaswaraw",T.S.M. Concert (1 of 2),,"Detroit, 5/29/1994",KKV
AWM SC 13268(2),21,,,Venkatesan,"Aleppey Venkatesan, M.A. Sundareswaraw, Mannaraudi Gaswaraw",T.S.M. Concert (2 of 2),,"Detroit, 5/29/1994",KKV
AWM SC 13269,21,6CA 614,,Vijaykrishnan ,Dr. K.G. Vijayakrishnan,Veena Recital - Classical Instrumental,y,,
AWM SC 13270(1),21,,,Vijaykrishnan ,Dr. Vijayakrishnan,Veena Concert (1 of 2),,10/31/93,KKV
AWM SC 13270(2),21,,,Vijaykrishnan ,Dr. Vijayakrishnan,Veena Concert (1 of 2),,10/31/93,KKV
AWM SC 13271(1),21,,,Viswanath ,"C.P. Viswanath, Jayshankar Balan, Srinivasan Doraiswamy",(1 of 2),y,2/17/90,KKV
AWM SC 13271(2),21,,,Viswanath ,"C.P. Viswanath, Jayshankar Balan, Srinivasan Doraiswamy",(2 of 2),y,2/17/90,KKV
AWM SC 13272(1),21,,,Viswanath ,"C.P. Viswanath, Jayshankar Balan, Kumar Kanthan, T. Aradhana",(1 of 2),,"Flint, MI. 5/11/1991",KKV
AWM SC 13272(2),21,,,Viswanath ,"C.P. Viswanath, Jayshankar Balan, Kumar Kanthan, T. Aradhana",(2 of 2),,"Flint, MI. 5/11/1991",KKV
AWM SC 13273(1),21,,,Viswanath ,C.P. Viswanath,"Jaishankav, Suresh (1 of 2)",,"Detroit, 2/23/1992",KKV
AWM SC 13273(2),21,,,Viswanath ,C.P. Viswanath,"Jaishankav, Suresh (2 of 2)",,"Detroit, 2/23/1992",KKV
AWM SC 13274(1),21,,,Yesudas,Yesudoss,Detroit concert (1 of 2),,"Detroit, 7/3/1983",
AWM SC 13274(2),21,,,Yesudas,Yesudoss,Detroit concert (2 of 2),,"Detroit, 7/3/1983",
AWM SC 13275,21,X118101 ,,Yesudas,K.J. Yesudas (Tharangini),Classical Music,,,
AWM SC 13276,21,,,Yesudas,K.J. Yesudass,,y,,KKV
AWM SC 13277,21,,,Yesudas,K.J. Yesudass,,y,,KKV
AWM SC 13278,21,,,Yesudas,K.J. Yesudass,,y,,
AWM SC 13279,21,,,Yesudas,K.J. Yesudass,,y,,
AWM SC 13280,21,,,Yesudas,K.J. Yesudass ,Vol 5,y,,
AWM SC 13281,21,,,Yesudas,Yesudass / Maduruni Mani Iyer,,,,KKV
AWM SC 13282,21,,,Yesudas,Yesudoss / M.S. Subbalakshmi / Nellu,Ayyapan songs / Bharathiyar songs / Malayalam film songs,,,
AWM SC 13283,21,,,Yesudas,K.J. Yesudas,Ayyapan songs ,y,,KKV
AWM SC 13284,21,,,Yesudas,K.J. Yesudas,Solo songs,y,,KKV
AWM SC 13285,21,,,,,Veenaarvind's Unjal Songs,,,
AWM SC 13286,21,,,,,Dil apna preet parari & Hariyall aur rasta & Himalayaki God mein / Patita,y,,KKV
AWM SC 13287,22,SFHVS 847048,,,,Narayaneeyam - Sanskirt Devotional,y,,
AWM SC 13288,22,SFHVS 847927,,,,"Rupaka - Anuradha suresh, Krishnamurti",y,,
AWM SC 13289,22,,,,,Male Vocalist,,,
AWM SC 13290,22,,,,,Chembai Vaidyanatha Bhagavathar (stereo),y,1/17/84,
AWM SC 13291,22,,,,,Live at Music Academy - Performance of 12 Sangita Kalanidhis,y,,
AWM SC 13292,22,,,Anthadi,Abhrami Anthadi,,,,HV
AWM SC 13293,22,,,Siva,"Vijay Siva, R.K. Sriram Kumar (V), J. Vaidyanathan (M) / V. Selvaganesh (K) ","""Mayyra Natham"" Muthuswami Dikshitar Songs 1/1",y,,KKV
AWM SC 13294,22,,,Santhanam,Maharatapuram  Santhanam ,Dallas Concert III ,y,Dallas,